timestamp,au12_mean_amplitude,au12_variance,au12_activation_frequency,au15_mean_amplitude,au4_mean_activation,au4_duration_ratio,au1_au2_peak_intensity,au20_activation_rate,lip_compression_frequency,overall_au_variance,facial_emotional_range,facial_transition_frequency,near_zero_au_activation_ratio,mean_head_velocity,head_velocity_peak,head_motion_energy,motion_energy_floor_score,landmark_displacement_mean,gesture_frequency,posture_rigidity_index,micro_motion_energy,blink_rate,blink_duration,blink_cluster_density,eye_contact_ratio,downward_gaze_frequency,gaze_shift_frequency,baseline_eye_openness,response_latency_mean,speech_onset_delay,nod_onset_latency,pause_duration_mean,extended_silence_ratio,reaction_time_instability_index
14.347666666666667,0.12394941116104441,0.0,0.016666666666666666,0.015307486141076944,0.8041189853710309,0.8041189853710309,0.055479834141097674,0.0,0.0,0.0,0.0,0.0,0.0,0.0,0.0,0.0,1.0,0.0,0.0,1.0,0.0,0.0,0.0,0.0,0.8644902323268656,0.0,0.0,0.21516323971788304,0.0,0.0,0.0,0.0,0.0,0.0
15.548866666666667,0.09762761783877003,0.001208492921912558,0.016666666666666666,0.018719463945588356,0.890967163463277,0.8475430744171539,0.055479834141097674,0.0,0.0,0.0839104387716137,0.004916285024106227,0.05,0.0,0.013657149366469277,0.027314298732938554,18.09591195613651,0.75,0.03727641390064303,0.0,0.9996272426457844,28.248537748737686,0.0,0.0,0.0,0.813188663168803,0.0,0.05,0.280395898825731,0.0,0.0,0.0,0.0,0.0,0.0
23.9239,0.08782570581005933,0.0014479739207096023,0.016666666666666666,0.020739460085333568,0.9252048034572888,0.8734303174305322,0.055479834141097674,0.0,0.0,0.11136340110870162,0.006555046698808302,0.06666666666666667,0.16666666666666666,0.015210533668406764,0.036419064977251406,20.205776666267084,0.6111111111111112,0.027493949833834828,0.0,0.9995318823815446,19.00268967439268,0.0,0.0,0.0,0.8201959026839204,0.0,0.1,0.345628557933579,0.0,0.0,0.0,0.0,0.0,0.0
32.932900000000004,0.09084299168463111,0.0014641166866707948,0.016666666666666666,0.019384209240933033,0.9331023277311754,0.888348320005693,0.055479834141097674,0.0,0.0,0.11601202879298861,0.00737442753615934,0.07500000000000001,0.20833333333333331,0.015133622642779952,0.04097144809940783,21.992074334854873,0.5208333333333334,0.03412171524134844,0.0,0.9995166245683517,21.21174266599328,0.0,0.0,0.0,0.8137021485833063,0.0,0.125,0.35012166206370654,0.0,0.0,0.0,0.0,0.0,0.0
33.833800000000004,0.09284862472831645,0.0014309791498766766,0.016666666666666666,0.018778780450187778,0.9290921033647067,0.8964970766774958,0.055479834141097674,0.0,0.0,0.11385354026822314,0.007866056038569963,0.08,0.26666666666666666,0.015520747241266983,0.043702877972701684,22.12013800034522,0.45666666666666667,0.030901977852436917,0.0,0.9995248756442271,17.29584567627723,0.0,0.0,0.0,0.8066754961946045,0.0,0.14,0.3303189442027459,0.0,0.0,0.0,0.0,0.0,0.0
34.3343,0.08582633797058356,0.0017039292338731627,0.016666666666666666,0.018544690931264415,0.9546864391300746,0.9215916523040031,0.055479834141097674,0.0,0.0,0.13139172815494926,0.009832570048212454,0.12000000000000001,0.3466666666666667,0.0190719782260233,0.05462859746587711,25.92717776824138,0.29,0.032842868961709924,0.02,0.9994507120431114,17.45278098545839,0.0,0.0,0.0,0.7889897967770114,0.0,0.18000000000000002,0.33750791081094994,0.0,0.0,0.0,0.0,0.0,0.0
34.70133333333334,0.08945032005197297,0.0014757998415518237,0.016666666666666666,0.017158442068181876,0.9379277593607647,0.928300308860787,0.055479834141097674,0.0,0.0,0.113768718991684,0.009832570048212454,0.14,0.44666666666666666,0.017164002188020472,0.05462859746587711,21.95806745017758,0.21857142857142856,0.018810578483454826,0.04,0.999536242416152,6.193495750438648,0.0,0.0,0.0,0.7972760750707166,0.0,0.22,0.3163244356055513,0.0,0.0,0.0,0.0,0.0,0.0
35.869166666666665,0.09916449750689464,0.0013228172272630968,0.016666666666666666,0.014941627770334743,0.8834410143028882,0.923079835216487,0.055479834141097674,0.0,0.0,0.11660840148228352,0.009832570048212454,0.18,0.43238095238095237,0.017474938645805082,0.05462859746587711,20.461399852525503,0.1769047619047619,0.025186418785203262,0.060000000000000005,0.9996062257568226,8.906548548388454,0.0,0.0,0.0,0.7912870332403155,0.0,0.26,0.268827567105877,0.0,0.0,0.0,0.0,0.0,0.0
36.770066666666665,0.10390740510231818,0.0013048226054581313,0.016666666666666666,0.015249953997931588,0.855200770193766,0.9144241066012192,0.05550650999167268,0.0,0.0,0.12564520559023146,0.009859245898787455,0.22,0.4407142857142857,0.01851032797042528,0.05462859746587711,18.035796090192747,0.14912698412698414,0.01670207727928903,0.08,0.9996570651924731,3.562996487857019,0.0,0.0,0.0,0.7955875199275058,0.0,0.32,0.24029367271254734,0.0,0.0,0.0,0.0,0.0,0.0
41.97526666666667,0.1079535991464597,0.001324045113128054,0.016666666666666666,0.014675464319176434,0.8291001430873821,0.9044249105734867,0.05553318584224768,0.0,0.0,0.1409672146107574,0.009885921749362456,0.26,0.4296031746031746,0.01878983723312967,0.05462859746587711,16.308139984959503,0.12912698412698412,0.01646796978887064,0.1,0.9996913155235472,3.70842725628031,0.0,0.0,0.0,0.8064233912279147,0.0,0.4,0.2363926085228101,0.0,0.0,0.0,0.0,0.0,0.0
51.58486666666667,0.11412454459824374,0.0013448789821305933,0.016666666666666666,0.016119800441325997,0.8394197070536513,0.8962274418053126,0.055559861692822676,0.0,0.0,0.16144595176531715,0.00991259759993746,0.22,0.4496031746031746,0.018626197817157634,0.05462859746587711,15.11920951777476,0.11397546897546898,0.01805194620755523,0.08,0.9997115568562044,4.212171057064319,0.0,0.0,0.0,0.8187492535664767,0.0,0.4,0.23035729446851758,0.0,0.0,0.0,0.0,0.0,0.0
56.8568,0.11825489957132138,0.0014588423577509399,0.016666666666666666,0.017222349139062697,0.8463752996344622,0.8897161795875846,0.05624834015694568,0.0,0.0,0.18124403766511746,0.010601076064060456,0.19999999999999998,0.4405122655122655,0.018293416746595733,0.05462859746587711,14.681663397613061,0.10207070707070708,0.02609960273457669,0.060000000000000005,0.999724194061738,7.0031249816837295,0.0,0.0,0.0,0.8272073812199298,0.0,0.38,0.22356551702575272,0.0,0.0,0.0,0.0,0.0,0.0
56.92353333333334,0.11327907710420697,0.0015736515840114253,0.016666666666666666,0.018434500573667745,0.895370427405571,0.8894291020621834,0.056936818621068676,0.0,0.0,0.17998858854859112,0.011289554528183454,0.16,0.43813131313131315,0.023849269450349528,0.12893089132435773,13.977169977147481,0.09245532245532245,0.022280885723431974,0.060000000000000005,0.9973806657947356,5.183540188332814,0.0,0.0,0.0,0.8348261901679579,0.0,0.34,0.21699406923412434,0.0,0.0,0.0,0.0,0.0,0.0
56.99026666666667,0.10413058067629606,0.0017614449985730678,0.016666666666666666,0.01816982635610325,0.9222736890138846,0.891746959516401,0.05759862123461667,0.0,0.0,0.1778896645384913,0.01293770887026257,0.12,0.44005439005439007,0.030180584639635927,0.2032331851828383,13.437152528629639,0.08451881451881452,0.0216775636943302,0.060000000000000005,0.9951578146632717,5.038560823429696,0.0,0.0,0.0,0.8341483120611367,0.0,0.28,0.2116250062702012,0.0,0.0,0.0,0.0,0.0,0.0
58.29156666666667,0.10222719428798825,0.0019235602621297803,0.016666666666666666,0.0188163709078843,0.9389073781096187,0.8957343765086393,0.05826042384816467,0.0,0.0,0.1726454131884384,0.014585863212341685,0.1,0.4225940725940726,0.03674976408200211,0.2775354790413189,13.539353460848448,0.07785214785214785,0.02964121619932584,0.060000000000000005,0.9930838954496658,10.94385942105859,0.0,0.0,0.0,0.8305041066784971,0.0,0.22,0.20412169344172276,0.0,0.0,0.0,0.0,0.0,0.0
59.659600000000005,0.1045788824665235,0.0021312706662986185,0.016666666666666666,0.017708414185077594,0.924785229205331,0.897995670855054,0.05899388775415664,0.0,0.0,0.163956180338512,0.01630567884686478,0.16,0.3892607392607393,0.04307370407200007,0.35183777289979956,13.709013655411763,0.07217032967032967,0.03004164697357186,0.08,0.9911190872056256,11.365348236783614,0.0,0.0,0.0,0.8271867892066277,0.0,0.26,0.1988008941262413,0.0,0.0,0.0,0.0,0.0,0.0
62.79606666666667,0.09756180708056035,0.002303133272202541,0.016666666666666666,0.01687797271647385,0.9322253576753335,0.9003645662972173,0.05906554904660062,0.0,0.0,0.15675677973694277,0.017363691867839877,0.22,0.36085164835164835,0.04918351649345179,0.42614006675828014,14.136101683538287,0.06726836888601595,0.03415447313541348,0.1,0.9892576022188556,18.151394999463488,0.0,0.0,0.0,0.8243588936838515,0.0,0.3,0.20156256377655138,0.0,0.0,0.0,0.0,0.0,0.0
73.00626666666668,0.1018696522812816,0.002471265914090872,0.016666666666666666,0.01628336525039078,0.907733586944972,0.9009238184825612,0.0591372103390446,0.0,0.0,0.14975576116741,0.018421704888814977,0.22,0.33634184443007975,0.04852626245086918,0.42614006675828014,15.048056894443912,0.06299486461251166,0.04182537758603701,0.08,0.9898382019999724,24.098307325843866,0.0,0.0,0.0,0.8234873355807898,0.0,0.28,0.19927760602000574,0.0,0.0,0.0,0.0,0.0,0.0
73.50676666666666,0.10595886534454274,0.00249525744542546,0.016666666666666666,0.016685665150523662,0.8693963117623669,0.8992387311055318,0.05920887163148858,0.0,0.0,0.1484316867015372,0.018493366181258956,0.22,0.31497432306255835,0.04692256370311167,0.42614006675828014,15.964395830071247,0.05923546611627107,0.042292906216951004,0.060000000000000005,0.9903850564199317,24.246278535284,0.0,0.0,0.0,0.8298364931186385,0.0,0.26,0.19932586966844743,0.0,0.0,0.0,0.0,0.0,0.0
73.60686666666666,0.10814341855557302,0.0025637791201554034,0.016666666666666666,0.017183540294619663,0.873686208478991,0.8979713811201195,0.05928053292393256,0.0,0.0,0.1473351917090182,0.018565027473702936,0.2,0.29617733058135537,0.046045508424141575,0.42614006675828014,16.3331083551211,0.055902132782937736,0.033568058545822586,0.060000000000000005,0.9908295052249783,18.21948083064921,0.0,0.0,0.0,0.837033774849247,0.0,0.24000000000000002,0.19934711318320703,0.0,0.0,0.0,0.0,0.0,0.0
83.55013333333333,0.10842975107521757,0.002687904633916214,0.013333333333333332,0.018624064059445312,0.8904649150161187,0.8975215679592314,0.060106091015496584,0.0,0.0,0.14969181245531224,0.01939058556526696,0.16,0.2795106639146887,0.045313098397623576,0.42614006675828014,16.783033462684216,0.052925942306747256,0.03637363979520476,0.060000000000000005,0.9912278743669591,19.185425518707223,0.0,0.0,0.0,0.8437681950943762,0.0,0.2,0.19932009304952494,0.0,0.0,0.0,0.0,0.0,0.0
84.05063333333334,0.12056719393457162,0.0029152833487230043,0.01,0.019359140393207915,0.8947775327027333,0.8971115188834751,0.06137227596635631,0.0,0.0,0.15374032732702297,0.02065677051612669,0.1,0.2741535210575458,0.04464664663396022,0.42614006675828014,16.628548875803837,0.05025214551530341,0.025439106057847626,0.060000000000000005,0.9915828460103627,9.94615407630805,0.0,0.0,0.0,0.848431650684656,0.0,0.16,0.19289410587409142,0.0,0.0,0.0,0.0,0.0,0.0
103.83706666666667,0.10929937803181917,0.003258773115082826,0.006666666666666666,0.019823227282453917,0.9177683242547119,0.8978639108712668,0.06263846091721605,0.0,0.0,0.15749151033420414,0.022065731346944173,0.1,0.26987544619123566,0.04407983481721469,0.42614006675828014,16.430486988122446,0.047836686578105345,0.026702431263267917,0.060000000000000005,0.9919033334806212,10.95041835961964,0.0,0.0,0.0,0.8527837761622034,0.0,0.16,0.19286708574040934,0.0,0.0,0.0,0.0,0.0,0.0
104.7046,0.09990060757978879,0.0037403596203171366,0.003333333333333333,0.02006294136437285,0.956065778443783,0.9004921710130587,0.06390464586807577,0.0,0.0,0.15635961656662256,0.023925812314855115,0.1,0.2751894558530714,0.04333883604012469,0.42614006675828014,16.2973185145189,0.045643704121964994,0.027854328845488323,0.08,0.992181872423659,11.311450777483987,0.0,0.0,0.0,0.8554790155049781,0.0,0.18000000000000002,0.2142935063768271,0.0,0.0,0.0,0.0,0.0,0.0
104.77133333333335,0.08722133803823724,0.004324062892639959,0.0,0.020182646104286973,0.9623785604087565,0.903279455099002,0.06517083081893552,0.0,0.0,0.15558947129558376,0.02595361414296498,0.1,0.28922454357236965,0.04759289076297511,0.48983844765273704,16.343630781731665,0.04364370412196499,0.033638671581737827,0.08,0.9887805932233629,15.13556868429693,0.0,0.0,0.0,0.8564990303134946,0.0,0.18000000000000002,0.23574694714692693,0.0,0.0,0.0,0.0,0.0,0.0
104.97153333333334,0.07173775395323144,0.004796512739951236,0.0,0.019445123569144327,0.9554170837853291,0.9055008073372712,0.06561145767823122,0.0,0.0,0.152453447519718,0.027155857879510817,0.12000000000000001,0.30322454357236966,0.05391664220866283,0.553536828547194,16.601574017434192,0.04181220229046316,0.03825894488687349,0.08,0.9851782565604928,19.942974513668737,0.0,0.0,0.0,0.8538676922275558,0.0,0.18000000000000002,0.25785370047808764,0.0,0.0,0.0,0.0,0.0,0.0
105.03826666666667,0.05591548770202624,0.005097132778548494,0.0,0.020739509274555888,0.9517912155612329,0.9073542461732208,0.06561145767823122,0.0,0.0,0.1479276486261616,0.02791747475676095,0.14,0.30762014796797404,0.060857957360275806,0.6172352094416509,16.865468911552618,0.04012870060696148,0.03712131728370732,0.08,0.9816901625297239,19.60518477651613,0.0,0.0,0.0,0.851621698936883,0.0,0.2,0.28343973077412543,0.0,0.0,0.0,0.0,0.0,0.0
105.13836666666667,0.055117809141913804,0.00537603542581158,0.0,0.020290078975656076,0.951231469223917,0.9090330390571301,0.06561145767823122,0.0,0.0,0.14358102750111942,0.02853631575405333,0.16,0.31233395268177877,0.0691598786280494,0.6809335903361078,16.782506948004563,0.038575905575905574,0.029533815582001192,0.1,0.9781958934267868,13.0971155759015,0.0,0.0,0.0,0.8479405455585194,0.0,0.24,0.3185081490337237,0.0,0.0,0.0,0.0,0.0,0.0
106.33956666666667,0.05675934301169819,0.005536382729337961,0.0,0.019544879053052168,0.9562863275381045,0.9107626077394875,0.06561145767823122,0.0,0.0,0.13991048432359818,0.02870403661425225,0.2,0.3086072446072446,0.0773147901130726,0.7446319712305647,16.752030956878404,0.03713912396671017,0.03138334638857892,0.1,0.9747909797372172,13.919491571185178,0.0,0.0,0.0,0.8431700195908811,0.0,0.28,0.33412299760482184,0.0,0.0,0.0,0.0,0.0,0.0
107.94116666666667,0.05744238374841251,0.005556024595358716,0.003333333333333333,0.019156072982118813,0.9590200037878394,0.9125088452427524,0.06561145767823122,0.0,0.0,0.13659304174333167,0.02870403661425225,0.26,0.2971129917336814,0.07942805267151073,0.7446319712305647,16.636788301429362,0.03580579063337684,0.028263989772507506,0.1,0.9751540064542127,11.16532808968138,0.0,0.0,0.0,0.8364104722913411,0.0,0.34,0.35737587727307724,0.0,0.0,0.0,0.0,0.0,0.0
108.04126666666667,0.058680966052280216,0.005571653314119413,0.006666666666666666,0.01820693751995561,0.9537867064371525,0.9139610394251871,0.06561145767823122,0.0,0.0,0.13317188763728988,0.02870403661425225,0.3,0.28644632506701473,0.07957812653942432,0.7446319712305647,16.241257363480344,0.03456509584429495,0.018020971632802155,0.12000000000000001,0.9757907681185142,4.346888377608309,0.0,0.0,0.0,0.8299010233058195,0.0,0.4,0.3848341465107196,0.0,0.0,0.6006,0.0,0.0,0.0
108.54176666666667,0.05920319962829048,0.0056123997178241306,0.01,0.016001084891074505,0.9451667066401198,0.9150282627211178,0.06172273299095056,0.0,0.0,0.12945273951893374,0.02870403661425225,0.34,0.2829723796575854,0.07900080667990543,0.7446319712305647,15.877906075899022,0.033407688436887545,0.01801302853825795,0.14,0.9763639270079243,4.342763073337171,0.0,0.0,0.0,0.8222354195688725,0.0,0.46,0.41297634286785495,0.0,0.0,1.2012,0.0,0.0,0.0
108.64186666666667,0.06111861494034512,0.005568232398379805,0.016666666666666666,0.015827462359779842,0.9432056480777467,0.9159551237872917,0.0578340083036699,0.0,0.0,0.12590377890866783,0.02870403661425225,0.38,0.2862131203983262,0.07714522911966425,0.7446319712305647,15.48023105272687,0.032325437354636465,0.01385150389576755,0.16,0.9770108804645936,2.9677076328135015,0.0,0.0,0.0,0.8124254794488764,0.0,0.52,0.43112266264708554,0.0,0.0,1.8018,0.0,0.0,0.0
108.97553333333335,0.06149849811187556,0.0055088955599205255,0.023333333333333334,0.01602714640409729,0.9368379684476119,0.9166039852368826,0.05394528361638925,0.0,0.0,0.12215699305264988,0.02870403661425225,0.4,0.2957369299221357,0.07541951403333176,0.7446319712305647,15.060222168128774,0.031311238571675004,0.010466827996925202,0.18000000000000002,0.9776257195760685,1.6562104958312087,0.0,0.0,0.0,0.8015420978867669,0.0,0.58,0.4518714940747041,0.0,0.0,2.4024,0.0,0.0,0.0
109.10900000000001,0.06220498470674912,0.0054516897974687464,0.026666666666666665,0.01608684349275609,0.9389487481524043,0.9172778332924879,0.05005655892910859,0.0,0.0,0.11867935269251047,0.02870403661425225,0.4,0.3111527514231499,0.07388093078750603,0.7446319712305647,14.618196741842635,0.030358857619294053,0.00643828621435803,0.22,0.9782160909318814,0.31284584608365495,0.0,0.0,0.0,0.7912383140085212,0.0,0.62,0.4603799116751778,0.0,0.0,3.109773333333334,0.0,0.0,0.0
109.3092,0.0641012725496558,0.005366210060200573,0.03,0.016949619889195713,0.939006526358409,0.9179160796442812,0.04622404760837093,0.0,0.0,0.11542155686047337,0.02870403661425225,0.4,0.33210513237553085,0.07241592239846824,0.7446319712305647,14.20291905722954,0.0294628002716238,0.006577742809571001,0.24,0.9787743570086359,0.3656792118188601,0.0,0.0,0.0,0.7830689041461765,0.0,0.6799999999999999,0.46319077612465204,0.0,0.0,3.2165466666666673,0.0,0.0,0.0
109.4093,0.06652959822256904,0.005256855393106749,0.03333333333333333,0.017839287837024813,0.9425828535910848,0.9186250303453919,0.04657614322385184,0.0,0.0,0.11243644112624379,0.02870403661425225,0.4,0.3518183940242764,0.07123136817328331,0.7446319712305647,13.811872864944137,0.028618205677029208,0.006569776400873721,0.26,0.979322252890101,0.37730174631642616,0.0,0.0,0.0,0.7758295665632723,0.0,0.72,0.46200622575670613,0.0,0.0,3.323320000000001,0.0,0.0,0.0
109.84306666666667,0.06775572105317945,0.005138289239291969,0.03333333333333333,0.01854984557731258,0.9430251708216685,0.9193032312032022,0.04692823883933275,0.0,0.0,0.10963437510704721,0.02870403661425225,0.4,0.3703994751053575,0.07004280753553589,0.7446319712305647,13.442171650587731,0.027820757511159987,0.0065672504729366405,0.27999999999999997,0.9798365602701355,0.40497270328000373,0.0,0.0,0.0,0.7698614708387128,0.0,0.78,0.4538032647716584,0.0,0.0,3.4300933333333345,0.0,0.0,0.0
109.97653333333334,0.06941510838653991,0.005010088230074504,0.03333333333333333,0.01918095301608437,0.9424590709611876,0.9199298487558101,0.04728033445481367,0.0,0.0,0.10697683484826896,0.02870403661425225,0.4,0.3879433347544803,0.06900417576255492,0.7446319712305647,13.088028545550166,0.032194814826393775,0.005534977243219566,0.3,0.9803330614107776,0.352217346436998,0.0,0.0,0.0,0.7660821533402065,0.0,0.8200000000000001,0.440997921056623,0.0,0.0,3.5368666666666684,0.0,0.0,0.0
110.14336666666667,0.06860457073251472,0.004885338472143511,0.03333333333333333,0.019269135083172018,0.9465858771478997,0.9206261630224015,0.047632430070294586,0.0,0.0,0.10459632614559597,0.02870403661425225,0.4,0.4045345866398498,0.06838745067084696,0.7446319712305647,12.759447975248113,0.03648052911210806,0.006819361751067022,0.32,0.9808026573604943,0.7139927455103238,0.0,0.0,0.0,0.7639430649696131,0.0,0.88,0.43279496007157525,0.0,0.0,3.5368666666666684,0.0,0.0,0.0
110.21010000000001,0.06770539125332008,0.004765373913171224,0.03333333333333333,0.019735533981974876,0.9490978290139475,0.921354868865356,0.04792831231923251,0.0,0.0,0.10239962176772073,0.02870403661425225,0.42000000000000004,0.4152488723541355,0.06930239839211876,0.7446319712305647,12.455053853023689,0.04068107111752811,0.008176500475383396,0.34,0.9809279282362968,1.113655132294748,0.0,0.0,0.0,0.7597838297042279,0.0,0.92,0.4283784242168081,1.0143466666666683,1.0143466666666683,3.5368666666666684,1.0143466666666683,0.2,0.0
110.27683333333334,0.06696048815399168,0.004654512436396022,0.03333333333333333,0.019673560123002795,0.9482591517660702,0.922030171737035,0.04792831231923251,0.0,0.0,0.10027039797451075,0.02870403661425225,0.44,0.4252759726251382,0.07045908680838336,0.7446319712305647,12.169276009347982,0.04479947523593223,0.008914433032230443,0.36,0.9810392385603716,1.2942866651316602,0.0,0.0,0.0,0.7548914616603608,0.0,0.96,0.4254169142598257,2.0286933333333366,2.0286933333333366,3.5368666666666684,2.0286933333333366,0.4,0.0
110.4103,0.06749612887685433,0.00454899215891505,0.03333333333333333,0.019775022348192242,0.9493381775875738,0.9226974655759571,0.048171344376083676,0.0,0.0,0.09827471592562076,0.02870403661425225,0.46,0.4299091772583428,0.07204918958464573,0.7446319712305647,11.902285774786684,0.04883864292259074,0.0098381878946954,0.38,0.9811456189027521,1.5740844793927224,0.0,0.0,0.0,0.7496169634238276,0.0,0.98,0.4286349638993936,3.043040000000005,3.043040000000005,3.5368666666666684,3.043040000000005,0.6,0.0
113.74696666666667,0.06460642762076561,0.004466673558478233,0.03333333333333333,0.019060545586126756,0.9559374020947333,0.9234879957560075,0.04841437643293484,0.0,0.0,0.09654742351319658,0.02870403661425225,0.5,0.42941958117511153,0.07348750265385018,0.7446319712305647,11.656643108752494,0.047673141757089574,0.011609720386458432,0.4,0.9812224678320566,1.9378280287463532,0.0,0.0,0.0,0.7442807914908625,0.0,1.02,0.4324101375536594,4.057386666666673,4.057386666666673,3.5368666666666684,4.057386666666673,0.8,0.0
113.81370000000001,0.06372230477104879,0.004393616307250548,0.03333333333333333,0.01873191300100746,0.9562169291725886,0.9242435968972383,0.048657408489786017,0.0,0.0,0.0948603680230511,0.02870403661425225,0.54,0.4286037303592607,0.07499607539975472,0.7446319712305647,11.416560790114081,0.04656203064597846,0.010445362743925641,0.42000000000000004,0.9812793004613116,1.639816251976034,0.0,0.0,0.0,0.738510865796822,0.0,1.04,0.4356281871932273,5.071733333333341,5.071733333333341,3.541315555555557,5.071733333333341,1.0,0.0
119.25246666666668,0.0635526400193377,0.004333071074973902,0.03666666666666667,0.017721042901143326,0.9562371074964163,0.9249690901326476,0.04890044054663718,0.0,0.0,0.09321663415166974,0.02870403661425225,0.48,0.4324926192481496,0.07488829560503572,0.7446319712305647,11.196126569473154,0.04550158525891589,0.01149657572587775,0.38,0.9816325991209687,1.9189514149520466,0.0,0.0,0.0,0.735197531758315,0.0,0.9400000000000001,0.43479593637333974,5.071733333333341,5.071733333333341,3.545764444444446,5.071733333333341,1.0,0.0
119.35256666666668,0.06312448056871793,0.004285507786106905,0.04,0.017065871494355567,0.9572404498019494,0.9256918029898393,0.04914347260348835,0.0,0.0,0.09165071239069027,0.02870403661425225,0.42,0.43599208902545605,0.07453554857952548,0.7446319712305647,10.982899493681865,0.04874373318191488,0.010584880581615752,0.36,0.9819661261936804,1.7191784868523685,0.0,0.0,0.0,0.7330253593939822,0.0,0.8200000000000001,0.4336932100236134,5.071733333333341,5.071733333333341,3.550213333333335,5.071733333333341,1.0,0.0
119.45266666666667,0.06290830135408705,0.004240656541893093,0.043333333333333335,0.017450538276268846,0.9564056902162493,0.9263673171254166,0.04914347260348835,0.0,0.0,0.09010583294353912,0.02870403661425225,0.38,0.4396395054388299,0.07407633949965829,0.7446319712305647,10.776539312108405,0.05194140760051953,0.010021223217325854,0.34,0.9822881053907536,1.4882160579989319,0.0,0.0,0.0,0.7328715355292247,0.0,0.7000000000000001,0.43259048367388697,5.071733333333341,5.071733333333341,3.5546622222222237,5.071733333333341,1.0,0.0
165.03153333333333,0.06421357011354388,0.0041995380984108654,0.04666666666666667,0.01804153316115546,0.9537384427541695,0.9269516378944247,0.04914347260348835,0.0,0.0,0.08849722609399897,0.02870403661425225,0.28,0.44341857520627176,0.07364101953514497,0.7446319712305647,10.592941304088493,0.05509539646879411,0.011563105861915729,0.26,0.9825961066919183,2.0821451586311315,0.0,0.0,0.0,0.733101408017557,0.0,0.5,0.4304744607412336,5.071733333333341,5.071733333333341,3.5591111111111124,5.071733333333341,1.0,0.0
166.9668,0.0643790628385443,0.004169666431028872,0.05,0.01878338050990906,0.9573579536602814,0.9275789392971633,0.04914347260348835,0.0,0.0,0.08705598697228274,0.02870403661425225,0.18,0.44685085720998236,0.07275506748763953,0.7446319712305647,10.504534398365212,0.058206507579905226,0.019502715810453788,0.18,0.9828988045365916,6.213714302346836,0.0,0.0,0.0,0.7347934128699612,0.0,0.32,0.4280703163889494,5.071733333333341,5.071733333333341,3.5591111111111124,5.071733333333341,1.0,0.0
190.75723333333335,0.06263767766231176,0.004158425344078568,0.04,0.018446036444127147,0.9577812527483459,0.9281924563148831,0.04914347260348835,0.0,0.0,0.08566448103358301,0.02870403661425225,0.14,0.4499619683210935,0.07190393751888645,0.7446319712305647,10.415007871456492,0.061275561288345125,0.018923653604694064,0.13999999999999999,0.9831907622173693,5.877729929172784,0.0,0.0,0.0,0.7373552279974769,0.0,0.24000000000000002,0.4276141438207203,5.071733333333341,5.071733333333341,3.5591111111111124,5.071733333333341,1.0,0.0
235.6354,0.06404090644196832,0.0041367826816546,0.03333333333333333,0.018271750739912992,0.961374320313867,0.9288556834401517,0.04914347260348835,0.0,0.0,0.08442234451303401,0.02870403661425225,0.12,0.44885369892637905,0.07093463418314915,0.7446319712305647,10.370000056044452,0.060048065379998156,0.024279523848183673,0.08,0.983457642077982,7.915775717386296,0.0,0.0,0.0,0.7401254295132733,0.0,0.18000000000000002,0.41984448399423147,5.071733333333341,5.071733333333341,3.5591111111111124,5.071733333333341,1.0,0.0
235.7355,0.06405487093489637,0.004120529624870938,0.02666666666666667,0.017154667560711736,0.9601359500012154,0.929474124338544,0.048943447121525804,0.0,0.0,0.08319292719686064,0.02870403661425225,0.08,0.44795353526025794,0.0698413437757166,0.7446319712305647,10.328871196243114,0.05886882009697929,0.02397752095089443,0.04,0.9837118767788464,7.822645891058928,0.0,0.0,0.0,0.7425218788007895,0.0,0.12000000000000001,0.41207482416774266,5.071733333333341,5.071733333333341,3.5591111111111124,5.071733333333341,1.0,0.0
235.8356,0.06588802057179682,0.004086692359408767,0.02,0.017072021710055542,0.9584422030954869,0.9300373442307233,0.04874342163956326,0.0,0.0,0.08199272607392409,0.02870403661425225,0.08,0.44724598809044663,0.06907601750497981,0.7446319712305647,10.27703322474542,0.05773503324890672,0.02229474918944248,0.060000000000000005,0.9839757036511527,7.167866385374736,0.0,0.0,0.0,0.7449919272855422,0.0,0.12000000000000001,0.40633993962358517,5.071733333333341,5.071733333333341,3.5591111111111124,5.071733333333341,1.0,0.0
236.13590000000002,0.06718424942958454,0.004046465657967652,0.013333333333333332,0.01629770729551828,0.9478929714194828,0.9303785002467675,0.048543396157600706,0.0,0.0,0.08061836272941858,0.02870403661425225,0.08,0.44263525490828487,0.06842882900362761,0.7446319712305647,10.153376777052928,0.05664412415799763,0.016335119007712888,0.060000000000000005,0.9842353392301475,3.5639264777917283,0.0,0.0,0.0,0.745912992642488,0.0,0.12000000000000001,0.4072966885595775,5.071733333333341,5.071733333333341,3.5591111111111124,5.071733333333341,1.0,0.0
236.4362,0.06685675170297681,0.00399365593270483,0.016666666666666666,0.019321424220043983,0.9403612794773138,0.9305713897029118,0.04834337067563816,0.0,0.0,0.07932500249440978,0.02870403661425225,0.1,0.4379079821810121,0.06818182298398241,0.7446319712305647,10.055589382430558,0.0555937039899304,0.018438700101205126,0.08,0.984499136095057,4.934597568207724,0.0,0.0,0.0,0.745893200440721,0.0,0.16,0.40156180401542,5.071733333333341,5.071733333333341,3.5591111111111124,5.071733333333341,1.0,0.0
236.90333333333334,0.06405576824272266,0.00395896383317048,0.016666666666666666,0.020509276859962032,0.9350132506384995,0.930655786285583,0.048143345193675614,0.0,0.0,0.07797891392895852,0.02870403661425225,0.1,0.43699761803535386,0.06803648064159909,0.7446319712305647,9.929206483968564,0.054581558240942546,0.014661777114594293,0.1,0.9847631015572113,3.1783789892320957,0.0,0.0,0.0,0.7445781518736027,0.0,0.22,0.4031404067295222,5.071733333333341,5.071733333333341,3.5591111111111124,5.071733333333341,1.0,0.0
237.1702666666667,0.060770361790071704,0.003924754386593739,0.016666666666666666,0.022305267920626735,0.9379665103062709,0.9307853677239948,0.04790571875323584,0.0,0.0,0.07672654676914872,0.02870403661425225,0.12000000000000001,0.43625537781942947,0.06788511830065637,0.7446319712305647,9.816227673961999,0.05360563111016831,0.01639001298986591,0.12000000000000001,0.9850170875260567,3.551205528891515,0.0,0.0,0.0,0.742892376644405,0.0,0.28,0.3997654581459213,17.25390333333334,29.436073333333344,3.381155555555557,17.25390333333334,1.0,12.182170000000001
237.23700000000002,0.05862828325644166,0.0038923939489519392,0.02,0.02426848983516239,0.9403839326000071,0.9309470542362202,0.04766809231279607,0.0,0.0,0.07557032641805525,0.02870403661425225,0.14,0.4356698215409649,0.06803455727432463,0.7446319712305647,9.705451731856863,0.052664011524480935,0.01600685589060144,0.14,0.985231550362652,3.402770204454539,0.0,0.0,0.0,0.7417342399345508,0.0,0.36,0.3760659170279712,29.43607333333334,53.800413333333346,3.203200000000001,29.43607333333334,1.0,24.364340000000002
238.40483333333333,0.0584941263225571,0.0038599761157111986,0.023333333333333334,0.0251801559773383,0.9432053300830535,0.93115322356065,0.047430465872356296,0.0,0.0,0.07446021424705178,0.02870403661425225,0.18,0.4352303990676441,0.06808340504897169,0.7446319712305647,9.643966816824035,0.051754920615390027,0.019638874866050905,0.16,0.9854315981101215,6.368298514193519,0.0,0.0,0.0,0.7402203543633834,0.0,0.44,0.34651998786419996,41.61824333333334,78.16475333333335,3.0252444444444455,41.61824333333334,1.0,36.546510000000005
238.4715666666667,0.059498333331222425,0.003819493739760418,0.026666666666666665,0.023594547150156266,0.9554396609854482,0.9315616783765761,0.047192839431916524,0.0,0.0,0.07348742961647622,0.02870403661425225,0.22,0.4312910051282502,0.06872973528474266,0.7446319712305647,9.567688883803688,0.0508767004748748,0.017961611297750056,0.2,0.9854764520877186,5.185027818330498,0.0,0.0,0.0,0.7391138288000662,0.0,0.5,0.3415664365664968,53.80041333333334,102.52909333333335,2.7925675555555562,53.80041333333334,1.0,48.728680000000004
238.53830000000002,0.060577494838374796,0.0037656762870824905,0.03,0.023005477386416333,0.9583422588615187,0.9320087369333813,0.04695521299147675,0.0,0.0,0.0725740989435057,0.02870403661425225,0.26,0.42725119248188015,0.06980112712797039,0.7446319712305647,9.499016835745232,0.05002780404023983,0.01859107934442296,0.24,0.9855032550127637,5.3472152258454555,0.0,0.0,0.0,0.7384862365500051,0.003333333333333333,0.54,0.34703398681099057,65.98258333333334,126.89343333333335,2.5598906666666674,65.98258333333334,1.0,60.91085
243.8436,0.06103801730203683,0.0037213032044111833,0.03333333333333333,0.021718282589904513,0.9524249470072798,0.9323472488847595,0.04695521299147675,0.0,0.0,0.07165021178182147,0.02870403661425225,0.3,0.4234028619782016,0.07073177469090157,0.7446319712305647,9.427561323572723,0.049206785977842456,0.017448533032799807,0.26,0.9855124112679486,5.136153800777676,0.0,0.0,0.0,0.7381176362854126,0.006666666666666666,0.6,0.362302467268991,65.98258333333334,126.89343333333335,2.505169333333334,65.98258333333334,1.0,60.91085
253.82023333333333,0.06182436550984428,0.003680320627720655,0.03666666666666667,0.01947104952348349,0.9501161045804081,0.9326357370666435,0.04695477989994491,0.0,0.0,0.07069294939722669,0.02870403661425225,0.3,0.41973564796616003,0.07111586699457806,0.7446319712305647,9.379366503229765,0.04841229445241872,0.020471752800745913,0.22,0.9855339849060264,6.786552404151327,0.0,0.0,0.0,0.7367139928465148,0.01,0.54,0.3963169375472383,65.98258333333334,126.89343333333335,2.4504480000000006,65.98258333333334,1.0,60.91085
253.92033333333333,0.06451833258916718,0.003633964174016063,0.04,0.019752369753424946,0.9504457766240729,0.9329215795187151,0.046954346808413074,0.0,0.0,0.06977633070308356,0.02870403661425225,0.26,0.4193648852542956,0.07189850904974876,0.7446319712305647,9.287992132558477,0.04764306368318796,0.016900592686407583,0.19999999999999998,0.9855408678328264,3.6733154414079396,0.0,0.0,0.0,0.7371170698107847,0.013333333333333332,0.44,0.4254840289096821,65.98258333333334,126.89343333333335,2.395726666666667,65.98258333333334,1.0,60.91085
254.88796666666667,0.06533789607081204,0.0035900622081857752,0.043333333333333335,0.01947365236033414,0.9486898806306604,0.9331658778420042,0.046953913716881235,0.0,0.0,0.06881997171644785,0.02870403661425225,0.22,0.4221853980748084,0.0717975970544328,0.7446319712305647,9.228746332196097,0.046897907200326557,0.019737767952200468,0.16,0.9856875996509582,5.6204431819878975,0.0,0.0,0.0,0.7372335418433058,0.016666666666666666,0.36,0.4395448396745245,65.98258333333334,126.89343333333335,2.395726666666667,65.98258333333334,1.0,60.91085
255.65540000000001,0.06587437101297186,0.0035518192239112033,0.04666666666666667,0.01987968729289994,0.9500148540537946,0.9334219216170814,0.046953480625349396,0.0,0.0,0.06790117196100892,0.02870403661425225,0.18000000000000002,0.42481828431425206,0.07127918094745023,0.7446319712305647,9.170978524899555,0.04617571172608486,0.01959951777000219,0.12,0.9858413499031903,5.657443639066819,0.0,0.0,0.0,0.737502989009745,0.02,0.3,0.4336192846660433,65.98258333333334,126.89343333333335,2.395726666666667,65.98258333333334,1.0,60.91085
255.72213333333337,0.06755191288538005,0.0035129585774018725,0.05,0.01973511962220118,0.9587941782223535,0.9338043175640669,0.04695304753381756,0.0,0.0,0.0670847574156961,0.02870403661425225,0.12000000000000001,0.4304995553782867,0.07113867170605097,0.7446319712305647,9.114802038727742,0.045475431614040045,0.01923629540649867,0.1,0.985997102998201,5.52570809026772,0.0,0.0,0.0,0.7383380523586873,0.023333333333333334,0.22,0.4228463507417587,65.98258333333334,126.89343333333335,2.395726666666667,65.98258333333334,1.0,60.91085
255.78886666666668,0.06827133829695267,0.003475540925588672,0.05,0.020491839290320783,0.9607330084023071,0.9342048640358502,0.04684413495563787,0.0,0.0,0.0663172593906136,0.02870403661425225,0.12000000000000001,0.43619516695625127,0.07107936810691141,0.7446319712305647,9.039184114024486,0.044796083787953085,0.015208206596699267,0.14,0.986155723471709,3.7330879075017003,0.0,0.0,0.0,0.7403105205148178,0.026666666666666665,0.24,0.4216386810486007,65.98258333333334,126.89343333333335,2.395726666666667,65.98258333333334,1.0,60.91085
255.8556,0.06722761945298918,0.003440380917137653,0.05,0.020857104575041283,0.9643166606368693,0.9346480273378087,0.04708585975606173,0.0,0.0,0.0656298077936254,0.02870403661425225,0.14,0.43877668869538167,0.07090831531682978,0.7446319712305647,8.960449983765889,0.044136743128612425,0.014077642973597274,0.16,0.9863214339643399,3.400425599167273,0.0,0.0,0.0,0.7419597819877894,0.03,0.27999999999999997,0.4298271371977735,65.98258333333334,126.89343333333335,2.395726666666667,65.98258333333334,1.0,60.91085
255.92233333333334,0.06816684328445766,0.003405679562627841,0.05,0.021693473356387962,0.9627304515327317,0.9350556719662975,0.047327584556485586,0.0,0.0,0.064933859941915,0.02870403661425225,0.16,0.4411942711129641,0.07084785755269454,0.7446319712305647,8.846881119997967,0.04349653826305545,0.009163880211849025,0.18000000000000002,0.9864892830423045,0.9228488709812751,0.0,0.0,0.0,0.7440122995753095,0.03333333333333333,0.3,0.4343758841243008,65.98258333333334,126.89343333333335,2.395726666666667,65.98258333333334,1.0,60.91085
255.98906666666667,0.06723104830402599,0.003368651012738703,0.05,0.021656596833330866,0.9643252243341346,0.9354749092487298,0.04756930935690944,0.0,0.0,0.0642846750618691,0.02870403661425225,0.18000000000000002,0.44063942689614805,0.07085372029817001,0.7446319712305647,8.730529886894182,0.04287464771579177,0.007358531412385503,0.2,0.986656997993071,0.46644239074173527,0.0,0.0,0.0,0.7464247344395264,0.03333333333333333,0.32,0.44881165003387985,65.98258333333334,126.89343333333335,2.395726666666667,65.98258333333334,1.0,60.91085
256.05580000000003,0.06682977931169079,0.003325788248341902,0.05,0.023010382434956473,0.961772403199006,0.9358457197916988,0.047811034157333294,0.0,0.0,0.06361901655112477,0.02870403661425225,0.2,0.437198299201289,0.07125804761813172,0.7446319712305647,8.621599976876515,0.04227029638621884,0.008544465377061487,0.2,0.9867206733651579,0.6770917710499438,0.0,0.0,0.0,0.7483911611682631,0.03333333333333333,0.34,0.46324741594345886,62.760475555555566,105.04494000000003,2.395726666666667,62.760475555555566,1.0,59.66946612360642
256.12253333333337,0.06579961498893235,0.0032868398664962443,0.05,0.02275472262163356,0.9569179494034428,0.9361405835105538,0.04816167153593684,0.0,0.0,0.06293195032631883,0.02870403661425225,0.2,0.433894511932957,0.07244960596059512,0.7446319712305647,8.522408154006811,0.04168275232041391,0.010677508953228035,0.2,0.986635974571007,1.0610172043155677,0.0,0.0,0.0,0.7498352155890229,0.03333333333333333,0.36,0.4642977840694636,59.538367777777786,83.19644666666669,2.395726666666667,59.538367777777786,1.0,58.428082247212835
256.1892666666667,0.06433294864342118,0.0032501852097327516,0.05,0.02181142878663888,0.9492158272133396,0.9363233139266042,0.04816167153593684,0.0,0.0,0.06221255858411727,0.02870403661425225,0.2,0.4334244766803131,0.07341416657638282,0.7446319712305647,8.424056845907517,0.04111132374898534,0.009963094414835954,0.2,0.9865518597733534,0.9713556578410495,0.0,0.0,0.0,0.7514422192215396,0.03333333333333333,0.38,0.46079940526894103,56.316260000000014,61.347953333333365,2.395726666666667,56.316260000000014,1.0,57.18669837081926
256.6564,0.06491790278029086,0.003215922503954867,0.05,0.020765602244334276,0.949622857217321,0.9365048527577206,0.04816167153593684,0.0,0.0,0.06150587080285842,0.02870403661425225,0.2,0.4328530481088845,0.07436646701035542,0.7446319712305647,8.388059670745546,0.04055535636573848,0.01653975870809451,0.2,0.986465801560482,5.103848831876311,0.0,0.0,0.0,0.7528388411049283,0.03333333333333333,0.42000000000000004,0.4573010264684184,53.094152222222235,39.499460000000035,2.395726666666667,53.094152222222235,1.0,55.94531449442567
256.9900666666667,0.06524468917776234,0.003182159212715845,0.05,0.020628954419495988,0.9503522143626538,0.9366881759778697,0.04816167153593684,0.0,0.0,0.06082844194179699,0.02870403661425225,0.2,0.43500278865743897,0.07530426733775886,0.7446319712305647,8.355466071749788,0.040014230824612945,0.01726106740389019,0.22,0.9863772653838648,5.202509094910467,0.0,0.0,0.0,0.7543147933481545,0.03333333333333333,0.46,0.4444921194348462,49.87204444444446,17.650966666666704,2.347011333333333,49.87204444444446,1.0,54.70393061803209
257.6574,0.06557486696487944,0.003156612205910829,0.05,0.01856909577355348,0.9493389214122236,0.9368520430949865,0.04816167153593684,0.0,0.0,0.060138591021940656,0.02870403661425225,0.22,0.43720336585801617,0.07552305904775945,0.7446319712305647,8.320935356921174,0.039487360434728856,0.016145292032386124,0.24,0.9863837779925343,5.143891200015378,0.0,0.0,0.0,0.7563488156511174,0.03333333333333333,0.52,0.43144046890053145,49.87204444444446,17.650966666666704,2.298295999999999,49.87204444444446,1.0,54.70393061803209
257.7575,0.06579307925802391,0.0031309345949034222,0.05,0.0179306208124041,0.9552515620193969,0.937088488781277,0.04816167153593684,0.0,0.0,0.05951037662867276,0.02870403661425225,0.24,0.4420154487522909,0.07501864305211303,0.7446319712305647,8.28249759895124,0.038974189035481506,0.014493374201075165,0.26,0.9865369757631276,4.82025711376359,0.0,0.0,0.0,0.7577688095685795,0.03333333333333333,0.58,0.4218462267968733,49.87204444444446,17.650966666666704,2.249580666666665,49.87204444444446,1.0,54.70393061803209
257.8576,0.06660010688708885,0.0031053795683350593,0.05,0.01760554464566594,0.9623542635346043,0.9374126083493368,0.04805205750478577,0.0,0.0,0.05891466145495298,0.02870403661425225,0.26,0.4466682027721335,0.0745158167132675,0.7446319712305647,8.24595564536738,0.038474189035481506,0.014552205090738018,0.27999999999999997,0.9866858958638002,4.901641506526238,0.0,0.0,0.0,0.7588868250388614,0.03333333333333333,0.64,0.4051661206317353,49.87204444444446,17.650966666666704,2.2008653333333306,49.87204444444446,1.0,54.70393061803209
257.9243333333333,0.06455256389234557,0.0030836708429992712,0.05,0.01700877613155169,0.9656634720754603,0.9377697672612801,0.04794244347363471,0.0,0.0,0.0583782252414594,0.02870403661425225,0.27999999999999997,0.4511682027721335,0.07397295682524074,0.7446319712305647,8.150827427615177,0.03798685960078365,0.007455351897834557,0.3,0.9868281058840883,0.7065528725319712,0.0,0.0,0.0,0.7598139187914376,0.03333333333333333,0.6799999999999999,0.3844894921889902,49.87204444444446,17.650966666666704,2.1521499999999967,49.87204444444446,1.0,54.70393061803209
259.2923666666667,0.06512646408991615,0.0030633576375080785,0.05,0.016082925695568514,0.9658828443282942,0.9381201319175774,0.04783282944248364,0.0,0.0,0.05784928720133511,0.02870403661425225,0.3,0.45552167905543434,0.07336614903179454,0.7446319712305647,8.059296151457616,0.03751172497930757,0.007641649319547237,0.3,0.9869594019252981,0.7525274932263784,0.0,0.0,0.0,0.7596579549958952,0.03333333333333333,0.72,0.37294445344153215,49.87204444444446,17.650966666666704,2.1521499999999967,49.87204444444446,1.0,54.70393061803209
259.3591,0.06590885178482718,0.0030381075552622723,0.05,0.018874286969578803,0.9658538080267601,0.9384632305460601,0.04797485327895214,0.0,0.0,0.05734710533983105,0.02870403661425225,0.32,0.4598929175730143,0.07320693973451395,0.7446319712305647,7.971396305584777,0.03704833294965047,0.008305804105672847,0.32,0.9870662257957195,0.7780577806365477,0.0,0.0,0.0,0.7590585880022399,0.03333333333333333,0.74,0.36164215819481654,49.87204444444446,17.650966666666704,2.1850399999999963,49.87204444444446,1.0,54.70393061803209
260.6270333333334,0.06644859871728656,0.0030102452255315877,0.05,0.020286934199534715,0.9632444868725202,0.9387666818036627,0.04811687711542063,0.0,0.0,0.056830604213871254,0.02870403661425225,0.36,0.4617155928896655,0.0729704231396111,0.7446319712305647,7.888000871011727,0.03659625338364686,0.009338020982840159,0.36,0.9871628264526879,0.9903701476243483,0.0,0.0,0.0,0.759548290478404,0.03333333333333333,0.78,0.3505597718557296,49.87204444444446,17.650966666666704,2.2742958333333294,49.87204444444446,1.0,54.70393061803209
260.6937666666667,0.06504650573656175,0.0029852835452384772,0.05,0.02023342842208756,0.9655430976489552,0.9390901853532961,0.048368514983040185,0.0,0.0,0.056351888744097946,0.02870403661425225,0.4,0.4610525428595269,0.07292151183503538,0.7446319712305647,7.805853620844121,0.03615507691305862,0.009074128598478661,0.4,0.9872566797813331,0.8885329361102444,0.0,0.0,0.0,0.759825905674806,0.03333333333333333,0.8200000000000001,0.346706065792285,49.87204444444446,17.650966666666704,2.3635516666666625,49.87204444444446,1.0,54.70393061803209
260.86060000000003,0.06708466168908415,0.002956677496301599,0.05,0.020703703440362296,0.9623512795921813,0.9393673002931148,0.048620152850659744,0.0,0.0,0.05583921178960362,0.02870403661425225,0.44,0.45796430756540923,0.07286385696029093,0.7446319712305647,7.727299301162499,0.03572441369169773,0.00990587331163184,0.44,0.9873465734633236,1.0019161016630596,0.0,0.0,0.0,0.7603377736386318,0.03333333333333333,0.86,0.3468488820064475,49.87204444444446,17.650966666666704,2.4528074999999956,49.87204444444446,1.0,54.70393061803209
260.92733333333337,0.06685484590483913,0.002930364353809612,0.05,0.020565429147742037,0.9613181944164227,0.9396249259094713,0.0488717907182793,0.0,0.0,0.055315268199930163,0.02870403661425225,0.48,0.4525092400948379,0.07305164313256945,0.7446319712305647,7.648042769100075,0.035303892245103954,0.009010228479785762,0.48,0.9874421706186459,0.8521436021994544,0.0,0.0,0.0,0.7617700611250401,0.03333333333333333,0.9,0.3465210803754533,49.87204444444446,17.650966666666704,2.5420633333333287,49.87204444444446,1.0,54.70393061803209
260.9940666666667,0.0661003191120473,0.0029057628886724274,0.05,0.017838552999928762,0.9625771743792944,0.9398918015841781,0.0488717907182793,0.0,0.0,0.054800926240392615,0.02870403661425225,0.5,0.4494814856793627,0.07283821128158098,0.7446319712305647,7.5673767816655335,0.03716588567336244,0.0071339288442712236,0.5,0.9875601475734461,0.603185302002189,0.0,0.0,0.0,0.7635513342951892,0.03333333333333333,0.9400000000000001,0.34619327874445915,49.87204444444446,17.650966666666704,2.598429166666662,49.87204444444446,1.0,54.70393061803209
261.12753333333336,0.06761126759979108,0.002882793121763735,0.05,0.016972805289326428,0.9633649956643564,0.940162511226228,0.0488717907182793,0.0,0.0,0.05430797971670505,0.02870403661425225,0.5,0.4465515842554854,0.07274871177273805,0.7446319712305647,7.489318772564023,0.039011792575449115,0.007163032294740749,0.5,0.9876838124625129,0.57116270138438,0.0,0.0,0.0,0.7652868413317755,0.03666666666666667,0.96,0.3497981078458096,49.87204444444446,17.650966666666704,2.598429166666662,49.87204444444446,1.0,54.70393061803209
261.261,0.06875728888854801,0.0028571211210019305,0.05,0.017011020115574746,0.9609549205250959,0.9403990901911925,0.0488717907182793,0.0,0.0,0.05379775108567784,0.02870403661425225,0.5,0.4437158432174972,0.07253346238899919,0.7446319712305647,7.412926249038365,0.04084185793492624,0.007052625853911018,0.5,0.9878073147157214,0.5874019500337601,0.0,0.0,0.0,0.7673516721667248,0.04,1.0,0.3532601207329976,49.87204444444446,17.650966666666704,2.598429166666662,49.87204444444446,1.0,54.70393061803209
261.32773333333336,0.06832248133187283,0.002833844406085549,0.05,0.017482586578746826,0.9616424796142025,0.9406379639290754,0.0488717907182793,0.0,0.0,0.053313930176627854,0.02870403661425225,0.5,0.4409707451782815,0.0723673513451587,0.7446319712305647,7.336937375419246,0.042656322540088526,0.006388733512784833,0.5,0.9879313884698026,0.5448456772449299,0.0,0.0,0.0,0.7696025303170604,0.043333333333333335,1.04,0.3567221336201856,49.87204444444446,17.650966666666704,2.598429166666662,49.87204444444446,1.0,54.70393061803209
261.3944666666667,0.07103400051443486,0.00282490481892837,0.05,0.02027322608744676,0.9592610858332574,0.9408452268851414,0.0500441091243934,0.0,0.0,0.052839172971837094,0.02870403661425225,0.5,0.43831293786931136,0.0722045415938666,0.7446319712305647,7.263421453139005,0.04445542298986364,0.00681546877456459,0.5,0.9880522246325587,0.5955607839097833,0.0,0.0,0.0,0.7717214818855682,0.04666666666666667,1.06,0.36265255876671576,47.642038888888905,15.175160000000028,2.598429166666662,47.642038888888905,1.0,53.995171423890824
261.52793333333335,0.072087072861543,0.002817084315934451,0.05,0.02190358208098642,0.9569487361323342,0.9410228854093746,0.0512164275305075,0.0,0.0,0.05236787139455977,0.02870403661425225,0.5,0.4334403741511704,0.07211643276072638,0.7446319712305647,7.194056001040677,0.043966664436588955,0.008355370584022118,0.5,0.9881755569851395,0.8146783816581421,0.0,0.0,0.0,0.7738027951599669,0.05333333333333334,1.08,0.3664423732848979,45.41203333333335,12.699353333333352,2.598429166666662,45.41203333333335,1.0,53.28641222974955
261.62803333333335,0.07183568306555323,0.002815494487087401,0.05,0.023897018221878345,0.9561860279855783,0.9411884241567514,0.05238874593662159,0.0,0.0,0.051904619001671155,0.02870403661425225,0.5,0.43082551589115087,0.07219241222637184,0.7446319712305647,7.127524635705583,0.04348853868951747,0.00878789193070902,0.52,0.9882875938564942,1.0104703534833699,0.0,0.0,0.0,0.7746374133957125,0.05666666666666667,1.12,0.37068415462729576,43.18202777777779,10.223546666666675,2.545876666666662,43.18202777777779,1.0,52.577653035608286
261.92833333333334,0.07226049271307586,0.002817455774317439,0.05,0.025715379021606057,0.9568511237872173,0.9413569022123737,0.05356106434273569,0.0,0.0,0.0514683777300595,0.02870403661425225,0.5,0.4304191090061401,0.07229874630601815,0.7446319712305647,7.067799112617437,0.043020702432207535,0.010896979999252926,0.54,0.9883976123767323,1.4312143321711415,0.0,0.0,0.0,0.7754293694779739,0.06,1.1600000000000001,0.367787710891712,40.95202222222223,7.7477399999999985,2.493324166666662,40.95202222222223,1.0,51.86889384146701
262.7291333333333,0.07332041247904353,0.0028264235582082394,0.05,0.02705262049820619,0.9568847811374652,0.9415213339100943,0.05473338274884979,0.0,0.0,0.05104885444622843,0.02870403661425225,0.52,0.4300682318131577,0.07238710710700609,0.7446319712305647,7.021190226707511,0.04256282697433207,0.014695420704513663,0.5599999999999999,0.9885038535900089,2.460733569815962,0.0,0.0,0.0,0.7753495755740215,0.06333333333333334,1.22,0.37703867185436657,37.20516800000001,4.377706666666654,2.440771666666662,37.20516800000001,0.96,50.569623137052425
262.8626,0.07457297469320956,0.002855562498809203,0.05,0.028743656919504538,0.9583967516289267,0.9416983188892016,0.055714131853051345,0.0,0.0,0.05066888326479908,0.02870403661425225,0.54,0.42977061276553863,0.07239294434751126,0.7446319712305647,6.975631321144101,0.0421145974808314,0.014583300599394668,0.6,0.9886106597454775,2.4935441735030435,0.0,0.0,0.0,0.7744342867882243,0.06999999999999999,1.28,0.3860601055629207,35.68831933333334,3.483479999999986,2.344175166666662,35.68831933333334,0.92,49.97911162677911
262.9293333333333,0.0777016052528908,0.002909293805605693,0.05,0.03106946994329099,0.9600310972880667,0.9418893016574491,0.05669488095725289,0.0,0.0,0.05032769778229561,0.02870403661425225,0.5599999999999999,0.43158594221421637,0.07241256881786838,0.7446319712305647,6.929461711135192,0.04167571224931944,0.013690610253833512,0.64,0.9887155928717262,2.3092272407207974,0.0,0.0,0.0,0.7723911061175258,0.07333333333333333,1.3399999999999999,0.3976804938181147,34.17147066666667,2.5892533333333176,2.247578666666662,34.17147066666667,0.88,49.388600116505785
263.26300000000003,0.07851801830875628,0.002962081140052758,0.05,0.031090010358225943,0.9613355151550687,0.9420901343411463,0.057675630061454444,0.0,0.0,0.05000611317513889,0.02870403661425225,0.58,0.431278722552158,0.07219333404493715,0.7446319712305647,6.881119635253503,0.04124588203225518,0.01282191375922926,0.6599999999999999,0.9888223547212911,2.0244267312708333,0.0,0.0,0.0,0.770957338388318,0.07666666666666666,1.4,0.40460075681261903,32.654622,1.6950266666666494,2.203534666666662,32.654622,0.8400000000000001,48.79808860623247
263.32973333333337,0.08016643676700622,0.003022832088866602,0.05,0.032127181574622896,0.9624145130258297,0.9422973984835924,0.05865637916565599,0.0,0.0,0.049715427350212026,0.02870403661425225,0.6,0.43091336686765336,0.07191043857055124,0.7446319712305647,6.828334014028354,0.040824829400676235,0.010420293378315935,0.6799999999999999,0.9889246105874331,1.5602442032946604,0.0,0.0,0.0,0.7689426440487171,0.08,1.44,0.4191175888033968,30.102072000000007,0.6539866666666512,2.1594906666666622,30.102072000000007,0.7733333333333333,47.66710937697398
263.3964666666667,0.07850023749548685,0.0030775370633332982,0.05,0.029973792348707676,0.9619101676360323,0.9424953061171681,0.059637128269857544,0.0,0.0,0.04940098888409426,0.02870403661425225,0.6,0.43059757739396914,0.07210747972215374,0.7446319712305647,6.770149141054922,0.040412288146550825,0.00889886837911155,0.7,0.9889500624426334,0.8914725905546342,0.0,0.0,0.0,0.7673570636376774,0.08333333333333333,1.46,0.42102867217764434,29.06637066666667,0.5071733333333214,2.1154466666666623,29.06637066666667,0.7466666666666667,47.12664165798882
263.46320000000003,0.0752633448777146,0.0030954132500694825,0.05,0.02657638930069018,0.9602367512523889,0.9426729788397303,0.059637128269857544,0.0,0.0,0.049046220898470376,0.02870403661425225,0.6,0.4303294255787876,0.0722720237118224,0.7446319712305647,6.71247507620069,0.04000800272104041,0.008427683938027316,0.7,0.9889735844491033,0.8085851428103676,0.0,0.0,0.0,0.766764471669699,0.08333333333333333,1.48,0.41517985227235565,28.03066933333334,0.36035999999999146,2.1154466666666623,28.03066933333334,0.72,46.58617393900366
263.52993333333336,0.07108295543062307,0.00308561403341038,0.05,0.023602874141729756,0.9595390607899713,0.9428406425382636,0.059637128269857544,0.0,0.0,0.048667081024501235,0.02870403661425225,0.6,0.4300059972383793,0.07243524334747059,0.7446319712305647,6.655857223102914,0.0396117277061801,0.008322879880872366,0.7,0.9889957185934519,0.8082923886791987,0.0,0.0,0.0,0.7669536967849764,0.08333333333333333,1.5,0.40733379504904726,26.994968000000004,0.2135466666666616,2.1154466666666623,26.994968000000004,0.6933333333333334,46.045706220018495
263.5966666666667,0.06926542275130436,0.0030705880725093275,0.05,0.021762550065320893,0.9576111881541824,0.9429863535504429,0.059637128269857544,0.0,0.0,0.048269500529554525,0.02870403661425225,0.6,0.4316703523007926,0.07257584015522181,0.7446319712305647,6.5980902608512295,0.04114630424075663,0.006552839235852315,0.7,0.9890138144953249,0.5999134947968694,0.0,0.0,0.0,0.7674067184956088,0.08333333333333333,1.52,0.39994608174403073,25.95926666666667,0.06673333333333176,2.1154466666666623,25.95926666666667,0.6666666666666666,45.50523850103333
263.6634,0.0680223512830718,0.0030467380081887685,0.05,0.01946538431975739,0.9563106650840965,0.9431157463655919,0.059637128269857544,0.0,0.0,0.047846839495736856,0.02870403661425225,0.6,0.4313401269705673,0.07280767085194223,0.7446319712305647,6.541620063923543,0.042670113764566156,0.006636000502997593,0.7,0.9890327209482755,0.6236689185182804,0.0,0.0,0.0,0.7681038780840451,0.08333333333333333,1.54,0.39197632251096376,25.95926666666667,0.06673333333333176,2.1154466666666623,25.95926666666667,0.6666666666666666,45.50523850103333
263.9637,0.07071545883784074,0.0030387964400242673,0.05,0.022677063847903675,0.9565334346092484,0.9432442595712192,0.059637128269857544,0.0,0.0,0.04746150578129476,0.02870403661425225,0.6,0.431054412684853,0.07268510061933842,0.7446319712305647,6.49645117966713,0.044183283949509176,0.008900204718614427,0.7,0.9891271638795754,1.905237505223083,0.0,0.0,0.0,0.768204864385529,0.08333333333333333,1.56,0.38458860920594723,25.233780000000003,0.1668333333333294,2.0769839999999955,25.233780000000003,0.6476190476190475,45.015481672998824
264.49756666666667,0.06804917151006488,0.003042527154407156,0.05,0.02234431013694631,0.9555705253802187,0.9433617177788487,0.05935081108627681,0.0,0.0,0.04708096589050677,0.02870403661425225,0.6,0.43081155821072636,0.07253504160682395,0.7446319712305647,6.474784273176444,0.04568594108713058,0.01458005652727409,0.7,0.9892183527224107,4.24064366988759,0.0,0.0,0.0,0.7678495232728507,0.08333333333333333,1.6,0.3829260137964608,24.508293333333338,0.266933333333327,2.038521333333329,24.508293333333338,0.6285714285714286,44.52572484496432
267.6340333333333,0.06981166489366712,0.003048579977256814,0.05333333333333334,0.022488329771233172,0.9535193350602382,0.9434581188596498,0.058719436186622696,0.0,0.0,0.046704702418169534,0.02870403661425225,0.6,0.42864919793951506,0.07230466236603875,0.7446319712305647,6.476703511908069,0.047178210055127706,0.020515667461765193,0.6599999999999999,0.9893014780200243,6.659057893519079,0.0,0.0,0.0,0.7671390267150463,0.08333333333333333,1.56,0.3872128764413697,23.78280666666667,0.36703333333332466,2.0000586666666624,23.78280666666667,0.6095238095238095,44.035968016929814
276.70976666666667,0.06580125153713473,0.00306235478964042,0.05666666666666667,0.022902647460112793,0.957095734326757,0.9435857329548638,0.05808806128696858,0.0,0.0,0.04635025004837499,0.02870403661425225,0.52,0.4246038904961494,0.07207433484950355,0.7446319712305647,6.52361421822983,0.046737137366348595,0.029448411918959427,0.52,0.9893825370862259,11.440447010846146,0.0,0.0,0.0,0.766688462565362,0.08333333333333333,1.28,0.3932274790616253,23.057320000000004,0.4671333333333223,1.9615959999999957,23.057320000000004,0.5904761904761905,43.54621118889531
276.7765,0.061401746803217964,0.0030942378571177736,0.06,0.021719218997486838,0.951049816888018,0.9436555368941258,0.057456686387314465,0.0,0.0,0.04600006839251883,0.028884948271120085,0.44,0.42063423629713736,0.07251900359549793,0.7446319712305647,6.581092882963928,0.046304236933448165,0.032961520659913084,0.39999999999999997,0.9892027378974239,12.494339860639913,0.0,0.0,0.0,0.7664632599539124,0.08333333333333333,1.0,0.39936578369163955,22.331833333333336,0.5672333333333199,1.9231333333333291,22.331833333333336,0.5714285714285714,43.056454360860805
276.84323333333333,0.05570632167526218,0.0031230730594568874,0.06333333333333334,0.01753109786748341,0.948298363060562,0.9436982824997084,0.05682531148766035,0.0,0.0,0.045617937248685805,0.02906585992798792,0.36,0.4185563142192153,0.07299085295832061,0.7446319712305647,6.626544681310601,0.04587928367830623,0.02986694419845967,0.27999999999999997,0.9890218806338036,11.208491353196042,0.0,0.0,0.0,0.766756995260238,0.08333333333333333,0.72,0.39889317302570576,22.331833333333336,0.5672333333333199,1.9231333333333291,22.331833333333336,0.5714285714285714,43.056454360860805
342.4087333333334,0.053570284241180065,0.0031556100737616215,0.05333333333333333,0.0178590705551797,0.9520046239960205,0.9437734149621549,0.056480253771586976,0.0,0.0,0.04524984857975161,0.029246771584855755,0.24,0.4183353385265415,0.07339229421910451,0.7446319712305647,6.754596534767684,0.04546206071435429,0.03843111609039323,0.14,0.9888342776633546,19.39813126964787,0.0,0.0,0.0,0.7663606196543225,0.06999999999999999,0.4,0.3979636532098622,22.331833333333336,0.5672333333333199,1.9231333333333291,22.331833333333336,0.5714285714285714,43.056454360860805
342.4754666666667,0.04969363270668057,0.0031957909732978672,0.04,0.016553895019941603,0.9547822957962524,0.9438724616175402,0.056480253771586976,0.0,0.0,0.04488971548478449,0.02942768324172359,0.12000000000000001,0.41993747470811693,0.07403939746065935,0.7446319712305647,6.860064376310533,0.045052358977218925,0.033110566055920325,0.060000000000000005,0.9886447995058502,17.143190858091764,0.0,0.0,0.0,0.7663277483515367,0.056666666666666664,0.16,0.39053220324215593,22.331833333333336,0.5672333333333199,1.9231333333333291,22.331833333333336,0.5714285714285714,43.056454360860805
342.54220000000004,0.05387123849648452,0.0032289786289434524,0.03,0.01625508465876158,0.9522720073552723,0.9439465680993891,0.056480253771586976,0.0,0.0,0.04452990992800831,0.029608594898591425,0.1,0.42155989358717294,0.07557544489585127,0.7446319712305647,6.935593964643172,0.04464997687517482,0.029440870236247148,0.08,0.988139695265545,13.79001186649437,0.0,0.0,0.0,0.7655316657958738,0.043333333333333335,0.14,0.381373013299103,22.331833333333336,0.5672333333333199,1.9231333333333291,22.331833333333336,0.5714285714285714,43.056454360860805
342.80913333333336,0.05684000389703807,0.0032419443294901605,0.02,0.017194283514234496,0.9593180108142446,0.9440821994693781,0.056480253771586976,0.0,0.0,0.04417799554187434,0.029608594898591425,0.08,0.42320161256351285,0.07637536513505827,0.7446319712305647,7.013641211556811,0.04425471995817878,0.029790137907541533,0.08,0.987896707023861,14.17316994096038,0.0,0.0,0.0,0.7642599830026618,0.03,0.14,0.3743051888532452,22.331833333333336,0.5672333333333199,1.9231333333333291,22.331833333333336,0.5714285714285714,43.056454360860805
342.8758666666667,0.06012509790901533,0.003240896541464363,0.01,0.018802279511910977,0.9621915622648096,0.9442410290676195,0.05524814627483557,0.0,0.0,0.04385150488239797,0.029608594898591425,0.060000000000000005,0.42304350979671446,0.07731393777233381,0.7446319712305647,7.090456076537483,0.04386640060434218,0.02962044046479364,0.08,0.9876328802230645,14.063873861950748,0.0,0.0,0.0,0.7629497280466123,0.016666666666666666,0.14,0.3752289283920831,22.331833333333336,0.5672333333333199,1.9231333333333291,22.331833333333336,0.5714285714285714,43.056454360860805
365.365,0.06764997494769984,0.0032295633310581145,0.013333333333333332,0.01892635369704394,0.9597593583626095,0.9443760197329901,0.054242529789884246,0.0,0.0,0.04353254742220052,0.029608594898591425,0.08,0.4211174458016849,0.07824912624229997,0.7446319712305647,7.0674702311819155,0.0434848377227793,0.017757569438310205,0.08,0.9873694729354588,4.200678400821605,0.0,0.0,0.0,0.7620897111319805,0.016666666666666666,0.14,0.37673327909058935,22.331833333333336,0.5672333333333199,1.9231333333333291,22.331833333333336,0.5714285714285714,43.056454360860805
366.3326333333334,0.07156470463903099,0.0032093235344516405,0.016666666666666666,0.02010840610976994,0.9525321165643869,0.9444476032884964,0.053236913304932916,0.0,0.0,0.04324572142841451,0.029608594898591425,0.1,0.41745444213868127,0.07894273346521066,0.7446319712305647,7.048521144323197,0.043109856471841845,0.019075653308305216,0.08,0.9871099456253472,4.583754652433851,0.0,0.0,0.0,0.761380797534714,0.016666666666666666,0.16,0.38032899528629077,22.331833333333336,0.5672333333333199,1.9231333333333291,22.331833333333336,0.5714285714285714,43.056454360860805
367.6673,0.07324853145672539,0.003190966010346101,0.016666666666666666,0.019999758627354362,0.9534236075454263,0.9445251596474181,0.052231296819981586,0.0,0.0,0.04297229765658952,0.029608594898591425,0.12000000000000001,0.4138546221296817,0.07876185981727273,0.7446319712305647,7.027598164784842,0.04274128799181826,0.01836983144656624,0.08,0.9871693418686398,4.342121508537453,0.0,0.0,0.0,0.7611758672948741,0.016666666666666666,0.2,0.3839247114819922,22.331833333333336,0.5672333333333199,1.9231333333333291,22.331833333333336,0.5714285714285714,43.056454360860805
367.8675,0.07355115258543428,0.0031729938269481157,0.016666666666666666,0.02015917444672993,0.9517477997226907,0.9445864033108118,0.051225680335030256,0.0,0.0,0.04269087519240414,0.029608594898591425,0.14,0.4103163647214553,0.07853232821791478,0.7446319712305647,6.996363196233906,0.04237896915123855,0.015737392774854295,0.1,0.9872237455795497,2.9409747863421956,0.0,0.0,0.0,0.7615258522212127,0.016666666666666666,0.22,0.36596073667531953,22.331833333333336,0.5672333333333199,1.9231333333333291,22.331833333333336,0.5714285714285714,43.056454360860805
371.1040666666667,0.07336088559324934,0.003155034458272014,0.016666666666666666,0.0193866195578372,0.9522471060558426,0.9446499209074716,0.05145217134683033,0.0,0.0,0.042410074435289484,0.029608594898591425,0.18,0.40683810385189006,0.07797226348478316,0.7446319712305647,6.9679459329934685,0.04202274230598349,0.01658960604482748,0.12000000000000001,0.9872930392506496,3.1824619312348976,0.0,0.0,0.0,0.7622210472439065,0.016666666666666666,0.26,0.3464924111701406,22.331833333333336,0.5672333333333199,1.9231333333333291,22.331833333333336,0.5714285714285714,43.056454360860805
372.43873333333335,0.06856215474046949,0.0031394482160649593,0.016666666666666666,0.017770567921466807,0.9530238867520364,0.944718637980512,0.05145217134683033,0.0,0.0,0.04212754895839404,0.029608594898591425,0.24000000000000002,0.40341832613744155,0.07743109430233491,0.7446319712305647,6.938508009036753,0.04167245507045035,0.01595718822071581,0.16,0.9873632324879984,2.928553654814445,0.0,0.0,0.0,0.7633170390376698,0.016666666666666666,0.34,0.3481986334213811,22.331833333333336,0.5672333333333199,1.9231333333333291,22.331833333333336,0.5714285714285714,43.056454360860805
372.5054666666667,0.06644310021376473,0.003126165753336966,0.02,0.01633566046348882,0.9658385609336314,0.9448925842093043,0.05145217134683033,0.0,0.0,0.041875538549179796,0.029608594898591425,0.3,0.4016949129386185,0.07714352884756505,0.7446319712305647,6.906857648186691,0.04132796010007692,0.014966171456247955,0.2,0.9874266457851804,2.5026491340437285,0.0,0.0,0.0,0.7635802363449413,0.016666666666666666,0.4,0.34990485567262153,22.331833333333336,0.5672333333333199,1.9231333333333291,22.331833333333336,0.5714285714285714,43.056454360860805
372.5722,0.06376869256269375,0.003114278110845188,0.023333333333333334,0.015218074817288709,0.965557492616686,0.9450617399350167,0.05145217134683033,0.0,0.0,0.04161467479894668,0.029608594898591425,0.34,0.40163979374335873,0.0768984553990848,0.7446319712305647,6.864152069465634,0.04098911488457136,0.011047132729164563,0.24,0.9874928178055933,1.3557667222545164,0.0,0.0,0.0,0.7634499364418962,0.016666666666666666,0.44,0.3448525364313289,22.331833333333336,0.5672333333333199,1.9231333333333291,22.331833333333336,0.5714285714285714,43.056454360860805
372.63893333333334,0.06282489876913117,0.0031061516004557317,0.026666666666666665,0.014251244209043388,0.9661071198197514,0.9452329586661155,0.05145217134683033,0.0,0.0,0.04135492218505008,0.029608594898591425,0.38,0.40322558935192476,0.07671000273261448,0.7446319712305647,6.820800362514512,0.04065578155123803,0.01027724086907752,0.26,0.9875614756420242,1.369306286114992,0.0,0.0,0.0,0.7633085178121246,0.016666666666666666,0.48,0.3592685426952152,22.331833333333336,0.5672333333333199,1.9231333333333291,22.331833333333336,0.5714285714285714,43.056454360860805
