,count,mean,std,min,1%,5%,50%,95%,99%,max,missing_count,missing_ratio,zero_ratio,n_unique,iqr
au12_activation_frequency__max,180000.0,0.46620258862944625,0.29091709127973786,0.0,0.0,0.0,0.4958711988969576,0.9066065825458136,1.05,1.13333333,0,0.0,0.06408888888888889,6079,
au12_activation_frequency__mean,180000.0,0.24749643778672567,0.21893882587877636,0.0,0.0,0.0,0.20360239099026786,0.8440617942527012,1.0341449764366522,1.13333333,0,0.0,0.06609444444444444,141194,
au12_activation_frequency__min,180000.0,0.13493843796166347,0.24505463113062118,0.0,0.0,0.0,0.0,0.8,1.01666667,1.13333333,0,0.0,0.5729833333333333,5315,
au12_activation_frequency__range,180000.0,0.33126415066778275,0.30775243678407094,0.0,0.0,0.0,0.39473969053263036,0.8871313038733812,0.8922802439200133,0.8922802439200133,0,0.0,0.17901111111111112,9044,
au12_activation_frequency__slope,180000.0,0.00038325660407946907,0.010126063050023289,-0.0707568881228677,-0.0379670252165771,-0.014114719315326754,0.0,0.0175569083748751,0.03633301879498882,0.0924502729703539,0,0.0,0.11245555555555556,157717,
au12_activation_frequency__std,180000.0,0.07683704065446184,0.0698764899795447,0.0,0.0,0.0,0.0920269065967904,0.19630760353954035,0.20495181362278125,0.2322040532885076,0,0.0,0.11117777777777778,151220,
au12_mean_amplitude__max,180000.0,0.050330412658184734,0.016772649754395998,0.0154990722091717,0.0181705843190198,0.0218567417337215,0.05310559,0.07420422,0.08300221,0.08540358,0,0.0,0.0,17977,
au12_mean_amplitude__mean,180000.0,0.0377750442390508,0.01988786996568451,0.0068230411848015,0.00826852637325481,0.008752382958516809,0.0464852825119136,0.06376717679037762,0.07403635250530838,0.0803839973679658,0,0.0,0.0,178074,
au12_mean_amplitude__min,180000.0,0.02817307188492921,0.021451818029418958,0.0,0.0,0.0,0.0362058801185134,0.05500055,0.06852654,0.0776565881195264,0,0.0,0.33037777777777777,15957,
au12_mean_amplitude__range,180000.0,0.022157340773255495,0.012360139052235684,0.0,0.0,0.004392565999999995,0.0216852599999999,0.0472154745946397,0.0472154745946397,0.0556685675824929,0,0.0,0.018722222222222223,55789,
au12_mean_amplitude__slope,180000.0,-4.137294458151421e-05,0.0017158864647818489,-0.0468636227477597,-0.005334547548000029,-0.00232591572112006,-7.737356003817155e-07,0.0019989162266299343,0.005249667467345288,0.0262792754959633,0,0.0,0.0,177978,
au12_mean_amplitude__std,180000.0,0.00510611929478891,0.0028137462329834865,0.0001802443099187,0.000617207923032271,0.0010781354395724251,0.00511855597210655,0.009879614046475048,0.010509259665083832,0.0267358307720882,0,0.0,0.0,178089,
au12_variance__max,180000.0,0.013033082775355326,0.023810392748937686,1.553842507592741e-05,7.25e-05,0.000275857402955305,0.0030145674763193,0.0718380809770935,0.0718380809770935,0.0718380809770935,0,0.0,0.0,42894,
au12_variance__mean,180000.0,0.002764172287521636,0.0042008233702747816,1.0646029503359184e-05,5.220719576186016e-05,0.00015447201012949502,0.0008765248271564499,0.01219268432241101,0.013360462434877545,0.019642569392085,0,0.0,0.0,177076,
au12_variance__min,180000.0,0.00031885590711716664,0.0007096177631933738,0.0,0.0,0.0,4.94e-06,0.00135584,0.0022844840960372166,0.0187910756415475,0,0.0,0.5,39105,
au12_variance__range,180000.0,0.012714226868238145,0.023955436888361412,0.0,0.0,0.0,0.0030107078280088,0.0718380809770935,0.0718380809770935,0.0718380809770935,0,0.0,0.06048888888888889,66548,
au12_variance__slope,180000.0,-2.125180326536512e-06,0.0002727012797492909,-0.0049114640422391,-0.0005821074694929091,-0.00019938571277469,-2.3500796737972442e-07,0.0001759575828473698,0.0004980308067641781,0.0061277627158511,0,0.0,0.0,178036,
au12_variance__std,180000.0,0.003302586984175857,0.006239856678665406,4.477148936254325e-07,3.8111826333526482e-06,1.3167894754854458e-05,0.00077931097380175,0.01755895880735764,0.01845128820397513,0.0202743486497701,0,0.0,0.0,177049,
au15_mean_amplitude__max,180000.0,0.02787382932830661,0.02123071005553815,0.006473,0.00839013,0.011805680980701115,0.0187413079990481,0.0777800737496354,0.0780777899865751,0.0780777899865751,0,0.0,0.0,15480,
au15_mean_amplitude__mean,180000.0,0.01491406573122731,0.00403863879710251,0.0058178688577324,0.006972574438416724,0.009444727220664887,0.012891356189521551,0.0217229824229478,0.02368960342602178,0.0269812065724481,0,0.0,0.0,177995,
au15_mean_amplitude__min,180000.0,0.008355196340293792,0.004991625726427755,0.0,0.0,0.0,0.0081590963358364,0.016627489186827042,0.01899506849753518,0.0240394307554326,0,0.0,0.16666666666666666,15424,
au15_mean_amplitude__range,180000.0,0.019518632988012794,0.0246809750438211,0.0,0.000717342784266275,0.00278287,0.0100840434634028,0.0777800737496354,0.0780777899865751,0.0780777899865751,0,0.0,0.006661111111111111,56919,
au15_mean_amplitude__slope,180000.0,-5.362083951482322e-06,0.0006642892454833076,-0.0118948284651477,-0.002331209615172666,-0.0009352590371024448,-4.229122834023051e-07,0.00093592799556699,0.0020916641060311474,0.0068209541101797,0,0.0,0.0,178042,
au15_mean_amplitude__std,180000.0,0.004622568700381805,0.006264359362819848,9.475175961840102e-05,0.00038201015531746,0.00068089373819018,0.0020580179408992,0.019583026989614193,0.0205064073230445,0.0229728653480259,0,0.0,0.0,177886,
au1_au2_peak_intensity__max,180000.0,0.05031195587441504,0.02151993084575946,0.01727858,0.01924192,0.0267681,0.0439356816885002,0.1105778770342943,0.1105778770342943,0.1105778770342943,0,0.0,0.0,17555,
au1_au2_peak_intensity__mean,180000.0,0.034402911661506275,0.0070976875247718485,0.0167192524739984,0.018000405735994235,0.024505313868973144,0.0331405376620563,0.046304724021575414,0.052382824918311914,0.0553657468394752,0,0.0,0.0,177980,
au1_au2_peak_intensity__min,180000.0,0.021477826906612405,0.014195425749622204,0.0,0.0,0.0,0.0248679292313923,0.04267322,0.04808412,0.0522945076804292,0,0.0,0.17407777777777778,17551,
au1_au2_peak_intensity__range,180000.0,0.02883412896780261,0.03181197740564629,0.0,0.0,0.001761929475555005,0.0155267573114554,0.1105778770342943,0.1105778770342943,0.1105778770342943,0,0.0,0.02241111111111111,56457,
au1_au2_peak_intensity__slope,180000.0,-2.2545139742179425e-05,0.001004159073850704,-0.0262067879289402,-0.0030573081374040737,-0.0013812995495605497,-1.6628726381030823e-07,0.001286589431193905,0.0031289750451564155,0.0133998468097692,0,0.0,0.0,177934,
au1_au2_peak_intensity__std,180000.0,0.006278583808831809,0.006629920566461338,0.0001257858413621,0.000306290071106907,0.0005815900350343,0.0034750979719395,0.020619670269874095,0.021410429179106634,0.0242435035276697,0,0.0,0.0,177935,
au20_activation_rate__max,180000.0,0.0012789432221553929,0.0013499893457518406,0.0,0.0,0.0,0.00057678114835365,0.0031413173826108,0.0039488504055126,0.0039488504055126,0,0.0,0.5,624,
au20_activation_rate__mean,180000.0,0.00019296960370963616,0.0001967974153134453,0.0,0.0,0.0,9.90275962302e-05,0.00045231893511758997,0.0005096210301276322,0.0006560500314143,0,0.0,0.5,86890,
au20_activation_rate__min,180000.0,0.0,0.0,0.0,0.0,0.0,0.0,0.0,0.0,0.0,0,0.0,1.0,1,
au20_activation_rate__range,180000.0,0.0012789432221553929,0.0013499893457518406,0.0,0.0,0.0,0.00057678114835365,0.0031413173826108,0.0039488504055126,0.0039488504055126,0,0.0,0.5,624,
au20_activation_rate__slope,180000.0,1.9159254373624143e-08,1.3565594021159116e-06,-1.618321756441062e-05,-4.473679052012388e-06,-1.6863514055482307e-06,0.0,1.92230763434915e-06,4.662247205732382e-06,1.363929144089798e-05,0,0.0,0.5,88091,
au20_activation_rate__std,180000.0,0.0002785894287919774,0.0002816598566142919,0.0,0.0,0.0,0.0001796329619734,0.000624743277774915,0.0007014545783708791,0.0008327176450327,0,0.0,0.5,86876,
au4_duration_ratio__max,180000.0,0.9830768609153498,0.015794092231229337,0.9415726852100632,0.94685878,0.9556946703565563,0.9854345568472872,1.0,1.0,1.0,0,0.0,0.0,46055,
au4_duration_ratio__mean,180000.0,0.9650687271306201,0.0081684490986822,0.7992758846410147,0.9435684222907728,0.9513101726700904,0.9666274555823045,0.9775139807191725,0.983732013418558,0.9881236129261536,0,0.0,0.0,177927,
au4_duration_ratio__min,180000.0,0.9439416810811855,0.022018162274284322,0.6746717433393282,0.911599475503625,0.911599475503625,0.9418478054974632,0.975443004720912,0.9808567105702349,0.9871117206592184,0,0.0,0.0,43643,
au4_duration_ratio__range,180000.0,0.039135179834164396,0.034030578790735004,0.0,0.0,0.0,0.0492542831143927,0.0820822430961594,0.088400524496375,0.2767340403738205,0,0.0,0.08453333333333334,67622,
au4_duration_ratio__slope,180000.0,-8.099788093965848e-05,0.0018020635990919623,-0.0881280658984696,-0.002592985350709245,-0.001532861024599245,-6.233809274955739e-06,0.00151309420334199,0.0026577807703296896,0.0063978607348489,0,0.0,0.0,177965,
au4_duration_ratio__std,180000.0,0.008196271377204158,0.006876286821513298,4.596952185139674e-05,0.000220686594897291,0.00042790459668354004,0.01201748365020785,0.015862459926156886,0.01701203940878213,0.097793441482291,0,0.0,0.0,178006,
au4_mean_activation__max,180000.0,0.9917561300312728,0.011934119940864067,0.8681294237418833,0.95533185,0.9660652536565226,0.9996910999999999,1.0,1.0,1.0,0,0.0,0.0,15070,
au4_mean_activation__mean,180000.0,0.9625727043664521,0.02783889363346951,0.2372529732307686,0.9152341697935321,0.9284294547875105,0.96199117472969,1.0,1.0,1.0,0,0.0,0.0,148490,
au4_mean_activation__min,180000.0,0.8897627491715077,0.13290899481693424,-4.02518472,0.6670140295790702,0.7143141972903444,0.9384051,1.0,1.0,1.0,0,0.0,0.0,15785,
au4_mean_activation__range,180000.0,0.10199338085976516,0.13615260583623115,0.0,0.0,0.0,0.04380946679365335,0.2856858027096556,0.3329859704209298,5.010523050000001,0,0.0,0.16991111111111112,59856,
au4_mean_activation__slope,180000.0,-0.00020117864710659473,0.008958602180349008,-0.7281011763435776,-0.012929926765524107,-0.005560931390938795,0.0,0.00550580683644174,0.01328854415492933,0.047393625844304,0,0.0,0.16666666666666666,148658,
au4_mean_activation__std,180000.0,0.025601623086231807,0.03139164681977965,0.0,0.0,0.0,0.01070570268995355,0.07309809096658595,0.07654168087541108,1.0808258732562468,0,0.0,0.16666666666666666,148465,
baseline_eye_openness__max,180000.0,0.5159780490790209,0.07208591529567672,0.200377230941172,0.32661925,0.40441693,0.5208018902276574,0.63361852,0.70949268,0.7150654,0,0.0,0.0,17211,
baseline_eye_openness__mean,180000.0,0.3667168263189603,0.06899860791967945,0.162407390992926,0.2504136842441026,0.2668642757159039,0.3721477250990989,0.48735005013892496,0.5632008584837785,0.688407875549423,0,0.0,0.0,178068,
baseline_eye_openness__min,180000.0,0.19413117522444895,0.08591423643737338,0.0322980903282706,0.0322980903282706,0.0580113605570442,0.2039990558151673,0.36131031,0.41908252280367597,0.66731105,0,0.0,0.0,15587,
baseline_eye_openness__range,180000.0,0.32184687385457184,0.1008753499947629,0.0,0.067669483196157,0.13432798249999992,0.3451434433746391,0.4753227299999999,0.5103777455659682,0.5773336499999999,0,0.0,0.0010777777777777778,61365,
baseline_eye_openness__slope,180000.0,5.3825453721561536e-05,0.0258690981151509,-0.2516550348398892,-0.08073606980536893,-0.03832852745276569,1.4148260094668121e-05,0.038264296696184655,0.08694014085577886,0.2454252409513269,0,0.0,0.0,177981,
baseline_eye_openness__std,180000.0,0.07268254966773079,0.020841548563758246,0.0030827400636403,0.017867441957850772,0.03212449652812276,0.07450472959861659,0.10054903994844648,0.12662099893719242,0.2061987534119505,0,0.0,0.0,178009,
blink_cluster_density__max,180000.0,0.2624408430423267,0.11497626257406751,0.0,0.01666667,0.06666667,0.2751307990878462,0.44,0.5,0.5,0,0.0,0.0010611111111111112,3496,
blink_cluster_density__mean,180000.0,0.16433644376259732,0.09868583168229086,0.0,0.0166666699999999,0.05265233741149465,0.12421706543593886,0.41425331191172576,0.4746016538240534,0.5,0,0.0,0.0010944444444444445,149155,
blink_cluster_density__min,180000.0,0.09156409102558746,0.12728276649967374,0.0,0.0,0.0,0.0092540321322251,0.38333333,0.46,0.5,0,0.0,0.4947944444444444,2894,
blink_cluster_density__range,180000.0,0.17087675201673921,0.1494682635751578,0.0,0.0,0.0,0.2,0.3955934123972179,0.406790452172947,0.406790452172947,0,0.0,0.13837222222222223,5582,
blink_cluster_density__slope,180000.0,0.0003682887506968846,0.005240708999686428,-0.0530701603262328,-0.015294414938002206,-0.008146873850208933,0.0,0.010242233057777533,0.018521112560437196,0.054467112942116,0,0.0,0.048716666666666665,169261,
blink_cluster_density__std,180000.0,0.0396956947352053,0.03320505730575848,0.0,0.0,3.482732488029772e-18,0.04741761118986525,0.091526529245721,0.095048545853717,0.1045083511107224,0,0.0,0.047844444444444446,159554,
blink_duration__max,180000.0,0.4102689459173892,0.10180767422592056,0.14749177,0.22997162805191348,0.28188194,0.3998620540322821,0.611717624707214,0.6516779095845987,0.6516779095845987,0,0.0,0.0,7909,
blink_duration__mean,180000.0,0.33681867464979043,0.05954925187043211,0.0397893942435107,0.1998381,0.27455726262354413,0.30957415505542885,0.4497231700000001,0.4879288343015763,0.55444352,0,0.0,0.0,153121,
blink_duration__min,180000.0,0.262403507367708,0.08732237395060391,0.0,0.16574508,0.1689638982210674,0.2371666102231483,0.44887674,0.4855608,0.55444352,0,0.0,0.0013166666666666667,7607,
blink_duration__range,180000.0,0.14786543854968118,0.14469235899551058,0.0,0.0,0.0,0.1579111270534851,0.4170611510290316,0.4795459218872588,0.4795459218872588,0,0.0,0.1661,18798,
blink_duration__slope,180000.0,0.00018234620343088502,0.005639377305637886,-0.0434820352692429,-0.008863948519876423,-0.002862304051724005,-7.850320928315374e-23,0.0015645510186515,0.023975978924024446,0.1708007018872154,0,0.0,0.054266666666666664,168271,
blink_duration__std,180000.0,0.029401246407947484,0.028374859478631734,0.0,0.0,0.0,0.037081543585264304,0.07738952466363706,0.08251903076459141,0.1576897291786379,0,0.0,0.05216666666666667,159512,
blink_rate__max,180000.0,10.524439469657844,11.619388912281009,0.6478651468151555,0.6653783590475257,0.6838010308563607,1.0260264925772526,35.0,38.0,38.0,0,0.0,0.0,3715,
blink_rate__mean,180000.0,9.943236878948998,11.093192161225781,0.4120938844233491,0.5843810177683645,0.5889336472917314,1.0,33.496853102759296,36.10936198875157,37.92530866366022,0,0.0,0.0,122042,
blink_rate__min,180000.0,9.107600911087799,10.860556523183574,0.0,0.0,0.0,1.0,32.0,35.0,37.0,0,0.0,0.11884444444444445,3935,
blink_rate__range,180000.0,1.416838558570045,1.4225787686855471,0.0,0.0,0.0,0.991118194884042,4.0,6.6,12.12727179587186,0,0.0,0.16226666666666667,6877,
blink_rate__slope,180000.0,0.032404687655593484,0.36022960005364846,-3.4408375390290376,-0.9358474077940852,-0.5708231168992335,0.0,0.715650392911494,1.1709598896041775,3.266185800330293,0,0.0,0.15132222222222222,151120,
blink_rate__std,180000.0,0.37081134324915854,0.46070942724238817,0.0,0.0,0.0,0.10356032493868975,1.3268721516637576,1.953054307844914,2.8343317410689264,0,0.0,0.15097222222222223,121848,
downward_gaze_frequency__max,180000.0,1.046344611799812,0.5569583139605856,0.01666667,0.03333333,0.11666667,1.0,2.15666667,2.4,2.6,0,0.0,0.0,9127,
downward_gaze_frequency__mean,180000.0,1.0008253664923057,0.5461582194565942,0.0129197577202316,0.03333333,0.0999999999999999,0.9596699938034693,2.1030583650172034,2.314834054957725,2.56311770925687,0,0.0,0.0,161165,
downward_gaze_frequency__min,180000.0,0.5971061688769018,0.701862081362365,0.0,0.0,0.0,0.26666667,2.04666667,2.26666667,2.532558176686021,0,0.0,0.2246,9576,
downward_gaze_frequency__range,180000.0,0.44923844292291026,0.4192925360619628,0.0,0.0,0.0,0.192216919448778,1.0,1.0,1.0,0,0.0,0.07828333333333333,15720,
downward_gaze_frequency__slope,180000.0,0.0008616060391234857,0.014507695416573898,-0.1039000263685056,-0.044415265597072706,-0.02292005206547662,2.0287933720431876e-05,0.026777947921670247,0.04955719631983026,0.1238698929591679,0,0.0,0.025066666666666668,173514,
downward_gaze_frequency__std,180000.0,0.07897841462851811,0.06676439968883888,0.0,0.0,2.80840553998428e-17,0.05157260354566175,0.20231297444161908,0.22521587969030818,0.2810965658305799,0,0.0,0.025744444444444445,164619,
extended_silence_ratio__max,180000.0,0.6992872965794568,0.4264049062116333,0.0,0.0,0.0,1.0,1.0,1.0,1.0,0,0.0,0.17805,1127,
extended_silence_ratio__mean,180000.0,0.4309602811140548,0.31458165564405094,0.0,0.0,0.0,0.388956978153996,1.0,1.0,1.0,0,0.0,0.1869222222222222,105361,
extended_silence_ratio__min,180000.0,0.18511499328398567,0.3537799628755382,0.0,0.0,0.0,0.0,1.0,1.0,1.0,0,0.0,0.6951055555555555,773,
extended_silence_ratio__range,180000.0,0.514172303295471,0.4956289659663721,0.0,0.0,0.0,1.0,1.0,1.0,1.0,0,0.0,0.36916666666666664,1887,
extended_silence_ratio__slope,180000.0,0.0006845309832805466,0.00923049750276281,-0.0323354141962152,-0.008337260708901742,-0.0014444546838954897,0.0,0.0034063498185975117,0.015111390148638871,0.4497912156912784,0,0.0,0.36220555555555556,112813,
extended_silence_ratio__std,180000.0,0.17296715031260462,0.17018932822772892,0.0,0.0,0.0,0.2964001301522521,0.3598338574947649,0.37030080396075116,0.4960803353165882,0,0.0,0.36193888888888887,108843,
eye_contact_ratio__max,180000.0,0.6927532616711679,0.26807048002537875,0.1925137163830995,0.2176246940739602,0.240896430093872,0.8499691348123497,0.9501593412511736,0.9597473346712392,0.9597473346712392,0,0.0,0.0,37147,
eye_contact_ratio__mean,180000.0,0.6191170719296721,0.3109324128760763,0.1055494907079201,0.1193204443554249,0.12321503955134006,0.8199606836125644,0.8898260766878171,0.9048122311898831,0.930523759394787,0,0.0,0.0,177997,
eye_contact_ratio__min,180000.0,0.5497373262288184,0.3530323894564563,0.0,0.0,0.0,0.7239035385362577,0.8755656649182836,0.89326499,0.9279041204621984,0,0.0,0.14784444444444444,37898,
eye_contact_ratio__range,180000.0,0.14301593544234942,0.11406345089396747,0.0,0.0,0.005483237540714351,0.1527343311535728,0.2959202541215713,0.3133994382076919,0.3133994382076919,0,0.0,0.03037222222222222,70371,
eye_contact_ratio__slope,180000.0,2.2855192222273926e-05,0.006140955501352174,-0.0491958886428915,-0.02045287703384936,-0.00907793158287784,-9.091859975797852e-06,0.009130167115848794,0.018304496152928836,0.0474753770661983,0,0.0,0.0,178011,
eye_contact_ratio__std,180000.0,0.029341448161989248,0.020552901969193498,0.0004341488364101,0.001513168276864653,0.0029549767851351503,0.039990132304587894,0.05371870682370287,0.05658205788204927,0.0702639026669633,0,0.0,0.0,177999,
facial_emotional_range__max,180000.0,0.01618395846540549,0.0077338653025530784,0.0023994890487986,0.0033339108725035,0.0036177816802466,0.01700155,0.0252947545397953,0.027845680085890823,0.03425897,0,0.0,0.0,11774,
facial_emotional_range__mean,180000.0,0.011542416489427195,0.005895635811143244,0.0008996879491986,0.001067759652684191,0.001117142090278065,0.013724251010949751,0.019966107768104504,0.025542250346913174,0.03425897,0,0.0,0.0,166355,
facial_emotional_range__min,180000.0,0.007102726999657453,0.005847485873068851,0.0,0.0,0.0,0.0059345252973001,0.01787811,0.02267338,0.03425897,0,0.0,0.16666666666666666,13420,
facial_emotional_range__range,180000.0,0.009081231465748017,0.007887272502468626,0.0,0.0,0.0,0.00486456,0.0217312879653936,0.0224954156019742,0.0296108,0,0.0,0.08631666666666667,35649,
facial_emotional_range__slope,180000.0,-1.6195385055142004e-05,0.0008969120811763211,-0.0153643105775769,-0.003112929646959599,-0.00116674185543258,0.0,0.0010105186188535448,0.002624087796279141,0.0221720391976501,0,0.0,0.02535,173436,
facial_emotional_range__std,180000.0,0.0020442982495388427,0.0016815515871124714,0.0,0.0,3.48323707360012e-18,0.00125416809890395,0.00405785607330004,0.005465511122162217,0.0127260901517565,0,0.0,0.024916666666666667,170768,
facial_transition_frequency__max,180000.0,0.5104880352185064,0.22520986533585724,0.0,0.0,0.1,0.5,0.7823087794376865,0.8289767774054502,0.8289767774054502,0,0.0,0.026194444444444444,1586,
facial_transition_frequency__mean,180000.0,0.2865330070047996,0.14100458689438627,0.0,0.0,0.05613614023523169,0.33456097135697127,0.5314551957217015,0.6352808445160371,0.7501834673403772,0,0.0,0.028055555555555556,162942,
facial_transition_frequency__min,180000.0,0.10911777673559837,0.1558045015375214,0.0,0.0,0.0,0.0,0.4037033449863499,0.6,0.7,0,0.0,0.5399388888888889,1093,
facial_transition_frequency__range,180000.0,0.401370258482908,0.2816656234459526,0.0,0.0,0.0,0.3999999999999999,0.7823087794376865,0.8289767774054502,0.8289767774054502,0,0.0,0.08681111111111112,2756,
facial_transition_frequency__slope,180000.0,0.0002740089419918267,0.022396930388197688,-0.1233312822415608,-0.06677512089354655,-0.03944601684601344,-8.703149951655301e-24,0.04262345955798718,0.06935309915051874,0.109676032455154,0,0.0,0.03242222222222222,172132,
facial_transition_frequency__std,180000.0,0.09687503962108072,0.05657602707035017,0.0,0.0,2.80840553998428e-17,0.10174736961197665,0.175346095115424,0.1851262710816442,0.1991242013356145,0,0.0,0.032516666666666666,167773,
gaze_shift_frequency__max,180000.0,1.541206956506989,0.7185523172826954,0.1262730979401189,0.7,1.0,1.0,2.84,3.0,3.1,0,0.0,0.0,2540,
gaze_shift_frequency__mean,180000.0,1.443812271256809,0.6641143738566807,0.0813512891984387,0.5717721176341981,0.9079796546290102,1.0,2.7128373278750595,2.861920618071336,3.035365906744156,0,0.0,0.0,100176,
gaze_shift_frequency__min,180000.0,1.3157040552011858,0.6496153349526982,0.0,0.4,0.6,1.0,2.6,2.76,3.0,0,0.0,0.0005722222222222222,2935,
gaze_shift_frequency__range,180000.0,0.22550290130580342,0.24374154259334685,0.0,0.0,0.0,0.1999999999999997,0.7,0.9585938003441112,1.90051975048458,0,0.0,0.3744277777777778,5124,
gaze_shift_frequency__slope,180000.0,0.003943171032679612,0.0547821254950442,-0.2879467927770013,-0.16128988231346944,-0.08523040231472694,0.0,0.1014701408880951,0.17917812598109786,0.3099158008231968,0,0.0,0.3496111111111111,116384,
gaze_shift_frequency__std,180000.0,0.057827405667967784,0.07425359970415542,0.0,0.0,0.0,0.033482891726161645,0.2049974415819019,0.3347906301459508,0.6960686375826981,0,0.0,0.3491888888888889,101266,
gesture_frequency__max,180000.0,0.8936874324549232,0.4654008663265377,0.1611302767427744,0.1665669199316863,0.1765870965681235,1.0,1.6900527619843408,1.6951738617542504,1.6951738617542504,0,0.0,0.0,970,
gesture_frequency__mean,180000.0,0.830969757706195,0.43904862508880493,0.1404787160482998,0.1423547405661822,0.14338472842756342,0.9759762302262219,1.535404726112577,1.5426360901823977,1.5632195414347505,0,0.0,0.0,157558,
gesture_frequency__min,180000.0,0.7107872651757142,0.37878572056830484,0.0529647603826145,0.0976541095861904,0.1,0.9,1.2692016545462037,1.3220420348397568,1.3479256649198537,0,0.0,0.0,1453,
gesture_frequency__range,180000.0,0.18290016727920896,0.15574827824839482,0.0,0.0,0.0603633489726365,0.0999999999999999,0.5442955089804962,0.5600635949597357,0.9398417866036592,0,0.0,0.010327777777777778,3095,
gesture_frequency__slope,180000.0,0.0018951776874627701,0.015595123577156795,-0.0792208191589887,-0.04238989861496898,-0.007227447273981072,1.923581520462298e-06,0.01636992036378518,0.08960077882348215,0.112504147024804,0,0.0,0.0004388888888888889,177855,
gesture_frequency__std,180000.0,0.043241099000496275,0.0350493725013519,0.0,0.011253432394291028,0.01208033933768469,0.03117484379871615,0.09630105304948487,0.177603923529436,0.2584009982151744,0,0.0,0.00047222222222222224,172889,
head_motion_energy__max,180000.0,17.664027090855445,22.712739735700396,0.00817456,0.03003657,0.3928357138447191,6.95207708,69.38381701310627,69.46142745443254,189.8508290555183,0,0.0,0.0,34047,
head_motion_energy__mean,180000.0,5.651973847546389,5.50427120415851,0.0080614368671241,0.025889605763423276,0.14510451904780755,4.63684602410501,16.93048706479815,18.226398824150287,40.30630449674727,0,0.0,0.0,177987,
head_motion_energy__min,180000.0,1.2247442491650689,2.4399549498680995,0.0,0.0,0.0,0.003637925,6.854867770109423,10.14816224,18.953132381189214,0,0.0,0.5,31242,
head_motion_energy__range,180000.0,16.439282841690375,23.30377995587269,0.0,0.0,0.0,3.8743220531028433,69.38381701310627,69.46142745443254,182.85600416074857,0,0.0,0.07228333333333334,60210,
head_motion_energy__slope,180000.0,-0.021086317083290118,0.6980260600588032,-27.83418742198051,-2.3560623945864934,-0.9539318347805306,0.0001088519583391,0.8784893930138827,1.8694259083294928,7.862196551586798,0,0.0,0.0,177860,
head_motion_energy__std,180000.0,4.107726823811745,5.489439497143519,3.887407184728124e-05,0.000977003031143853,0.00339491379949402,1.221137811796747,16.14510050252408,16.78171843782792,35.335229205442495,0,0.0,0.0,177967,
head_velocity_peak__max,180000.0,6.613264868868733,3.7743569966678345,0.08198414,0.22104574,0.47352914,7.505427143024556,14.115072298326378,14.115072298326378,14.115072298326378,0,0.0,0.0,4178,
head_velocity_peak__mean,180000.0,3.183877964288483,1.6061999149333341,0.0819841399999999,0.19330690010308368,0.3444781799999999,3.4916171241971914,5.660128992244991,8.762157334232262,10.514477640000004,0,0.0,0.0,143238,
head_velocity_peak__min,180000.0,1.065193918097627,1.8982100146082943,0.0,0.0,0.0,0.1223573415709711,5.39668868,8.33624856,10.51447764,0,0.0,0.48411666666666664,5473,
head_velocity_peak__range,180000.0,5.548070950771106,4.502037944307797,0.0,0.0,0.0,7.074569410621464,14.115072298326378,14.115072298326378,14.115072298326378,0,0.0,0.12575555555555556,16263,
head_velocity_peak__slope,180000.0,0.0061325630383019065,0.4744909930639294,-8.701660761605417,-1.5384714351862179,-0.375585596654304,0.0,0.4069217296500836,1.5026652675873058,9.567471327928969,0,0.0,0.06538333333333333,166194,
head_velocity_peak__std,180000.0,1.2968976007312967,1.0430343638544721,0.0,0.0,0.0,1.7252029975221808,2.786613098432986,3.2825993883766382,5.148040182247788,0,0.0,0.06641111111111112,156285,
landmark_displacement_mean__max,180000.0,0.0311602871989178,0.024581030834609562,0.0006508248844658,0.001715475007181357,0.00324143,0.0303817142497511,0.07836484,0.1328254,0.15125208,0,0.0,0.0,13198,
landmark_displacement_mean__mean,180000.0,0.00526802700858815,0.0023684451555594788,0.0003627191376511,0.000783661908746129,0.0013089968642846649,0.0051545835321883,0.00852458798200972,0.010241338735334353,0.0189782139285058,0,0.0,0.0,177700,
landmark_displacement_mean__min,180000.0,0.0003692824000749817,0.000492113029575548,0.0,0.0,0.0,5.392e-05,0.00129963,0.00200699,0.00516994,0,0.0,0.5,13468,
landmark_displacement_mean__range,180000.0,0.030791004798842805,0.02459541082587724,0.0,0.001081284733463323,0.00252459,0.0303817142497511,0.07761706,0.13227965,0.15086933,0,0.0,0.0009833333333333332,56750,
landmark_displacement_mean__slope,180000.0,2.5066748537167434e-05,0.0016504824227522195,-0.0331959044770444,-0.004566390371642175,-0.0013616959409399698,2.0209687797650776e-06,0.0014532091612659429,0.0045929407608267785,0.0451989821178099,0,0.0,0.0,178066,
landmark_displacement_mean__std,180000.0,0.0066197769432499295,0.004668534274049964,9.647246082679332e-05,0.00033160402396537503,0.000628954632184195,0.0068989123887072505,0.0153275227666146,0.023009519974884318,0.0433685722544043,0,0.0,0.0,177617,
lip_compression_frequency__max,180000.0,0.3530026905302639,0.3721847178184367,0.0,0.0,0.0,0.2102056319324503,1.0,1.13333333,1.33333333,0,0.0,0.1833611111111111,3588,
lip_compression_frequency__mean,180000.0,0.22683043730644034,0.27575727412697293,0.0,0.0,0.0,0.080434998198048,0.7225749874780786,1.0911462309352378,1.33333333,0,0.0,0.18622222222222223,124383,
lip_compression_frequency__min,180000.0,0.10185825407243945,0.2378982713087914,0.0,0.0,0.0,0.0,0.7,1.03333333,1.33333333,0,0.0,0.6838277777777778,3419,
lip_compression_frequency__range,180000.0,0.2511444364578244,0.3460123883093225,0.0,0.0,0.0,0.16666666,1.0,1.0,1.0,0,0.0,0.28010555555555555,5720,
lip_compression_frequency__slope,180000.0,0.00019834232208873479,0.0084439695674606,-0.1086364678090039,-0.028381199936572937,-0.008098775660631444,0.0,0.009896691696243043,0.03208709902294967,0.1128561934125162,0,0.0,0.22712222222222223,137151,
lip_compression_frequency__std,180000.0,0.07011856657305504,0.10195240379765248,0.0,0.0,0.0,0.0456026838730943,0.2965812564034149,0.3050685841406826,0.3372849466363365,0,0.0,0.22687222222222223,131574,
mean_head_velocity__max,180000.0,0.20004970602783445,0.15950901515510213,0.01820015,0.03697446529644548,0.05320950053178465,0.11826679,0.5455433456642397,0.557107282533857,0.557107282533857,0,0.0,0.0,34986,
mean_head_velocity__mean,180000.0,0.11761249621548454,0.07670624130930785,0.0151273480690654,0.018422616043598745,0.019764812488834688,0.10801114405389785,0.25347063610376713,0.26407602599598023,0.3042918055292204,0,0.0,0.0,177868,
mean_head_velocity__min,180000.0,0.04899021931632737,0.05019441103717033,0.0,0.0,0.0,0.0392369470458053,0.14901232853059262,0.20126002539860133,0.27319,0,0.0,0.3172888888888889,33394,
mean_head_velocity__range,180000.0,0.15105948671150707,0.17779754512496482,0.0,0.0,0.00486021485358313,0.0644623344719737,0.5365291481395192,0.557107282533857,0.557107282533857,0,0.0,0.02585,66640,
mean_head_velocity__slope,180000.0,2.469267322991797e-05,0.004016831084293442,-0.0349086100869891,-0.013772973285689398,-0.00651942163039477,3.800505469808925e-07,0.006312352936035337,0.01183092668343763,0.0400141850295881,0,0.0,0.0,177941,
mean_head_velocity__std,180000.0,0.03229141472425214,0.03582143859018668,9.07696686668464e-05,0.000819133655284596,0.0017391078972897051,0.0168108036052292,0.10693745073760474,0.1149772424936567,0.1269592758823219,0,0.0,0.0,177933,
micro_motion_energy__max,180000.0,89.00349927361634,98.62728961567173,0.0039324470529972,0.02872604,0.10472939,84.86185662317429,273.81254472,567.75050388,645.603596,0,0.0,0.0,13609,
micro_motion_energy__mean,180000.0,9.960166397833683,7.804795519771392,0.0014862367079061,0.007146550756835808,0.02164595188535614,13.400176995193437,19.170952746826533,23.223166115177147,71.5107019800268,0,0.0,0.0,177261,
micro_motion_energy__min,180000.0,0.003740440398139972,0.009639597138980233,0.0,0.0,0.0,4.329e-05,0.01695271,0.04392387,0.27396623,0,0.0,0.5,13272,
micro_motion_energy__range,180000.0,88.99975883321822,98.62782869787164,0.0,0.023795018226040462,0.09675154200000001,84.86185662317429,273.80870478,567.7401690558,645.60350942,0,0.0,0.0007444444444444445,57094,
micro_motion_energy__slope,180000.0,0.04442135187947399,5.598866059507945,-148.85027005183142,-13.989130813151911,-2.4568054918977604,0.0001140423950985,2.936188013939418,14.365593098196966,229.04597931554585,0,0.0,0.0,178041,
micro_motion_energy__std,180000.0,18.990148666642984,19.28856721708237,0.0007877000681846,0.006078628062074955,0.022029088817954554,19.18538226139372,54.18794369634122,98.80515875627478,201.246384566971,0,0.0,0.0,177312,
motion_energy_floor_score__max,180000.0,0.9204943219526632,0.126317049902316,0.2497514697759524,0.48933333,0.62,0.99333333,1.0,1.0,1.0,0,0.0,0.0,11993,
motion_energy_floor_score__mean,180000.0,0.7767556457300001,0.14908759385049702,0.1644290724136345,0.4230102789910603,0.5561709401861353,0.7706049881575574,0.9833014760767189,0.9961390741188135,1.0,0,0.0,0.0,175787,
motion_energy_floor_score__min,180000.0,0.5841151316328592,0.2922549825546866,0.094765816842812,0.094765816842812,0.1425683507473354,0.7199350420404576,0.97333333,0.99333333,1.0,0,0.0,0.0,13343,
motion_energy_floor_score__range,180000.0,0.33637919031980396,0.32574910135633844,0.0,0.0,0.0053333399999999,0.20066667,0.8574316492526646,0.905234183157188,0.905234183157188,0,0.0,0.03566111111111111,23309,
motion_energy_floor_score__slope,180000.0,0.00010788906161915196,0.013371048886266368,-0.072186684937329,-0.042463857191653694,-0.02168646600163049,1.2669051846529323e-05,0.022162028581054375,0.047246831432204144,0.1091597080674631,0,0.0,0.003338888888888889,177344,
motion_energy_floor_score__std,180000.0,0.07436926922489119,0.06514810056707103,0.0,2.232372397181529e-16,0.002720094635696015,0.0504653330258951,0.1720686382089684,0.180495461530308,0.1965440872640418,0,0.0,0.0034111111111111113,176777,
near_zero_au_activation_ratio__max,180000.0,0.9905909641368706,0.01524344309563422,0.86956522,0.93979933,0.95852843,1.0,1.0,1.0,1.0,0,0.0,0.0,2968,
near_zero_au_activation_ratio__mean,180000.0,0.9719616442146676,0.016789042109812108,0.8532176055006666,0.9232851668438322,0.9446885639536046,0.9673938915272452,0.9974319993887035,1.0,1.0,0,0.0,0.0,167029,
near_zero_au_activation_ratio__min,180000.0,0.9298308158397727,0.04889616017905781,0.0353978651511221,0.8459150234766383,0.8459150234766383,0.93564041,0.99665552,1.0,1.0,0,0.0,0.0,4790,
near_zero_au_activation_ratio__range,180000.0,0.06076014829709801,0.05432207640487112,0.0,0.0,0.0,0.05351170499999995,0.1540849765233617,0.1540849765233617,0.9345018048488778,0,0.0,0.10999444444444445,7358,
near_zero_au_activation_ratio__slope,180000.0,0.00012769306401386657,0.0025723609097522003,-0.0244937286981629,-0.006847488894283901,-0.0032956501788758245,2.9863839499782936e-24,0.003876527546716023,0.008857424045697749,0.0772278476881379,0,0.0,0.031794444444444445,172308,
near_zero_au_activation_ratio__std,180000.0,0.014385419162634437,0.011726822855939978,0.0,0.0,3.3469303934480217e-16,0.014647441914797,0.030750654521584347,0.0320501023148567,0.1410262726963088,0,0.0,0.031905555555555555,169624,
nod_onset_latency__max,180000.0,3.23229188963136,1.6077107818807246,0.0,0.0,0.0,2.864634312812507,5.277467326341983,6.127587995925917,6.127587995925917,0,0.0,0.10146666666666666,2444,
nod_onset_latency__mean,180000.0,1.8391933385838855,0.7452713933195622,0.0,0.0,0.0,2.0320126447010773,2.6478606879978317,2.662356110000001,2.7087146952869823,0,0.0,0.10829444444444444,114868,
nod_onset_latency__min,180000.0,0.8724653558202946,1.121584913841425,0.0,0.0,0.0,0.0,2.64526863,2.66235611,2.66235611,0,0.0,0.56415,2824,
nod_onset_latency__range,180000.0,2.359826533811065,2.3090166181504777,0.0,0.0,0.0,2.8230881678125073,5.277467326341983,6.127587995925917,6.127587995925917,0,0.0,0.3159888888888889,6260,
nod_onset_latency__slope,180000.0,0.002943406229654773,0.03027297668333021,-0.2688852350987825,-0.0315162313355726,-0.009343663600223784,0.0,0.01289064752004395,0.10654783875267153,0.609659189969664,0,0.0,0.1988611111111111,142303,
nod_onset_latency__std,180000.0,0.5285717572761515,0.5140006161444484,0.0,0.0,0.0,0.7903615445219779,1.1385279801026074,1.2017400556813902,1.3805985560031566,0,0.0,0.1971,121780,
overall_au_variance__max,180000.0,0.4031592926539562,0.5670219436195963,0.0005179210124593,0.001770008544181634,0.0028355029521051752,0.2034101071905551,1.0,1.0,24.743837435319968,0,0.0,0.0,39554,
overall_au_variance__mean,180000.0,0.10876517141041242,0.1792587180174567,0.0004894028518949,0.001267914010780357,0.00189063179485689,0.04017754869899,0.3302483089697913,0.356483784244405,8.85656333407535,0,0.0,0.0,177438,
overall_au_variance__min,180000.0,0.0022263802627752235,0.02929608301437642,0.0,0.0,0.0,0.000238075,0.00844968,0.01506486,7.891402943115404,0,0.0,0.5,38237,
overall_au_variance__range,180000.0,0.400932912391181,0.5676744426534749,0.0,0.0,0.0,0.20284754044646605,1.0,1.0,24.743128745014264,0,0.0,0.09815,60788,
overall_au_variance__slope,180000.0,0.002737038540368302,0.09528562394087767,-0.0084379875441374,-0.0024670724655731398,-0.000978060879245695,1.141928898068002e-05,0.001077502306350104,0.0030838385501222123,5.581415836094965,0,0.0,0.0,178006,
overall_au_variance__std,180000.0,0.13392458330270587,0.21245780723033275,6.460897701848633e-06,4.878239781105629e-05,0.000118267554793895,0.05596649506804365,0.3845938351880507,0.3990790016451683,10.695524124334533,0,0.0,0.0,177427,
patient_id,180000.0,90000.5,51961.668564433145,1.0,1800.99,9000.95,90000.5,171000.05,178200.01,180000.0,0,0.0,0.0,180000,
pause_duration_mean__max,180000.0,23.918983940879603,52.07270867731482,0.0,0.0,0.0,1.0,151.57478452,151.57478452,172.39587867,0,0.0,0.1704277777777778,1393,
pause_duration_mean__mean,180000.0,22.255136244020736,50.42019449105228,0.0,0.0,0.0,0.881578947368421,151.56938028000005,151.57478452000004,172.39587867000006,0,0.0,0.17921666666666666,69965,
pause_duration_mean__min,180000.0,21.680296675613405,50.49131320733198,0.0,0.0,0.0,0.0,151.56938028,151.57478452,172.39587867,0,0.0,0.6818166666666666,927,
pause_duration_mean__range,180000.0,2.238687265266197,13.910667002295797,0.0,0.0,0.0,1.0,1.0,117.09458526,151.56938028,0,0.0,0.3499333333333333,2354,
pause_duration_mean__slope,180000.0,0.05302942144569226,1.3725983880175332,-24.131142301154988,-0.09000206549612477,-0.0019714043185317448,0.0,0.01865479019428738,0.1683894755632315,67.59521396752143,0,0.0,0.25719444444444445,131742,
pause_duration_mean__std,180000.0,0.3741322370137958,3.098397827877384,0.0,0.0,0.0,0.2551740425070672,0.4717128879896405,0.4923775149244728,75.19006457161446,0,0.0,0.25595555555555555,86162,
posture_rigidity_index__max,180000.0,1.2220855714541137,0.3326212224307352,0.72011682,0.82098811,0.900063689706409,0.99985032,1.773701676287434,1.7829259051179909,1.7829259051179909,0,0.0,0.0,30488,
posture_rigidity_index__mean,180000.0,1.0899508401999674,0.21490535466971847,0.6385483024449591,0.7814950621819753,0.8667212446543798,0.9830387556766793,1.3993628265040388,1.4131413086055176,1.432025340557728,0,0.0,0.0,178013,
posture_rigidity_index__min,180000.0,0.9735857335631862,0.1310649261925894,0.60929365,0.73298175,0.7933951566799564,0.97453128,1.187009304150379,1.2123346881305368,1.270201700439269,0,0.0,0.0,29586,
posture_rigidity_index__range,180000.0,0.24849983789092758,0.2437486279985382,0.0,0.0,0.0,0.2008369847201201,0.7027206667760215,0.7205657210425296,0.7297899498730864,0,0.0,0.07102777777777777,61312,
posture_rigidity_index__slope,180000.0,-0.00010161460773327025,0.01171247122625138,-0.2345401200676067,-0.03672862153604298,-0.011543357554013974,-6.201308535230441e-06,0.01080086879201774,0.03740664575645324,0.2340805738008152,0,0.0,0.0,177968,
posture_rigidity_index__std,180000.0,0.048877065707002565,0.043577997998545503,8.762943562055015e-07,2.610678881879314e-05,0.00010888584377879003,0.048792366185171354,0.12455147271320298,0.1296008402780161,0.1454243305270038,0,0.0,0.0,178016,
reaction_time_instability_index__max,180000.0,5.396794465719879,17.926789873124658,0.0,0.0,0.0,1.0,80.03423068,80.03423068,80.03423068,0,0.0,0.27766111111111114,1571,
reaction_time_instability_index__mean,180000.0,5.027539732506711,17.431098285329448,0.0,0.0,0.0,0.7459152573543086,80.03423067999995,80.03423068,80.03423068000004,0,0.0,0.28054444444444443,89669,
reaction_time_instability_index__min,180000.0,4.717436245879298,17.45197057539946,0.0,0.0,0.0,0.0,80.03423068,80.03423068,80.03423068,0,0.0,0.7833111111111111,1000,
reaction_time_instability_index__range,180000.0,0.679358219840581,4.568119133428483,0.0,0.0,0.0,0.0026524575689526,1.0,1.20404119,80.03423068,0,0.0,0.36972222222222223,2612,
reaction_time_instability_index__slope,180000.0,0.024772003706252828,0.47440342160202875,-0.1686738459272882,-0.06701565609529057,-0.0026757630710501144,0.0,0.0099129165963979,0.2637311211174181,25.64929312592473,0,0.0,0.3168944444444444,121003,
reaction_time_instability_index__std,180000.0,0.18897789535501203,0.8479135063720584,0.0,0.0,0.0,0.00063261390016285,0.4393415767122015,0.5031544337240327,29.130544557790408,0,0.0,0.31582777777777776,97414,
response_latency_mean__max,180000.0,163.37117272084504,245.57298178714092,0.0,0.0,0.0,55.68494506689723,782.1224318109059,782.1224318109059,782.1224318109059,0,0.0,0.17048888888888888,1933,
response_latency_mean__mean,180000.0,58.80643600981117,68.84867060691751,0.0,0.0,0.0,17.53312605333898,180.78921348938786,190.45461926299666,214.97033286322144,0,0.0,0.17928333333333332,107060,
response_latency_mean__min,180000.0,21.826682452230006,50.402838235293096,0.0,0.0,0.0,0.0,151.56938028,151.57478452,172.39587867,0,0.0,0.5153,921,
response_latency_mean__range,180000.0,141.54449026861502,252.28272378230045,0.0,0.0,0.0,37.96425143369514,781.1224318109059,781.1224318109059,781.1224318109059,0,0.0,0.3498611111111111,2894,
response_latency_mean__slope,180000.0,0.04700460324916405,1.3823040131704072,-24.13085195496095,-0.7999232691496149,-0.1870326919325474,0.0,0.15481547098841558,0.9052113266035842,67.96717242131771,0,0.0,0.25742777777777776,131714,
response_latency_mean__std,180000.0,34.46130770756533,61.13686946813831,0.0,0.0,0.0,10.895498163306037,172.86511363316475,180.6401771937683,201.5593600803613,0,0.0,0.2559722222222222,114209,
speech_onset_delay__max,180000.0,136.9995888669943,110.99763939212288,0.0,0.0,0.0,156.03895330188658,283.16561130008046,283.16561130008046,283.16561130008046,0,0.0,0.16807777777777777,1618,
speech_onset_delay__mean,180000.0,45.92549690096113,44.955151985531714,0.0,0.0,0.0,55.409303215692105,151.56938028000005,151.57478452000004,193.21697283,0,0.0,0.1787277777777778,107056,
speech_onset_delay__min,180000.0,15.773704245615187,45.49794248212389,0.0,0.0,0.0,0.0,151.56938028,151.57478452,193.21697283,0,0.0,0.6817277777777778,549,
speech_onset_delay__range,180000.0,121.2258846213791,118.45513502551732,0.0,0.0,0.0,151.56938028,283.16561130008046,283.16561130008046,283.16561130008046,0,0.0,0.3372777777777778,2400,
speech_onset_delay__slope,180000.0,0.029277786268940655,2.00373761964994,-80.92986451985414,-2.048037213723112,-0.3276489098176418,0.0,0.3597929974501604,2.7944288295609647,66.86227859806218,0,0.0,0.2584444444444444,131501,
speech_onset_delay__std,180000.0,28.13959809366181,27.56789582405965,0.0,0.0,0.0,43.759056126520576,60.01848062782318,63.95501900547472,91.86521441016822,0,0.0,0.25687777777777776,114328,
